article,label
"['눈물', '심상정', '사진', '연합뉴스', '정의당', '심상정', '대표', '오늘', '고단', '정의당', '길', '개척', '우리', '후보', '더', '당선', '정말', '말', '심', '대표', '날', '선거', '대책', '위원회', '해', '단식', '이번', '총선', '수구', '보수', '세력', '대한', '준엄', '심판', '정치', '강화', '지역구', '부활', '선거', '개혁', '등', '정치', '개혁', '후퇴', '역사', '오점', '말', '심', '대표', '정치', '구도', '벽', '무릎', '지역', '후보', '악전', '고투', '마지막', '정의당', '이름', '선거', '정당', '득표율', '를', '기록', '것', '관련', '육박', '지지율', '석', '중', '의석', '몹시', '결과', '원칙', '선택', '때', '정도', '각오', '만큼', '겸허', '슈퍼', '여당', '시대', '진보', '야당', '역할', '더욱', '막중', '점', '유념', '국회', '장벽', '못', '여성', '청년', '녹색', '소수자', '삶', '헌신', '대변', '강조', '최선', '다한', '당원', '정의당', '홀로', '서기', '응원', '국민', '더', '결과', '외', '길', '정의당', '다시', '시작', '강조', '진보', '대안', '세력', '길', '집권', '여당', '기득권', '앞', '주저', '때', '개혁', '방향', '속도', '견인', '말', '날', '해', '단식', '분위기', '속', '진행', '최소', '석', '확보', '교섭단체', '구성', '최대', '목표', '석', '현상', '유지', '기대', '결과', '때문', '다모', '발언', '심', '대표', '눈물', '고단', '정의당', '길', '언급', '대목', '감정', '듯', '잠시', '말', '온라인', '뉴스', '팀', '네이버', '메인', '뉴스', '무료', '고화질', '온에어', '서비스', '무단', '재', '및', '재', '배포', '금지']",0
"['동영상', '뉴스', '국민', '선택', '정의당', '심상정', '대표', '오늘', '고단', '정의당', '길', '개척', '우리', '후보', '더', '당선', '정말', '말', '심', '대표', '오늘', '정의당', '선거', '대책', '위원회', '해', '단식', '이번', '총선', '수구', '보수', '세력', '대한', '준엄', '심판', '정치', '강화', '지역구', '부활', '선거', '개혁', '등', '정치', '개혁', '후퇴', '역사', '오점', '말', '심', '대표', '정치', '구도', '벽', '무릎', '지역', '후보', '악전', '고투', '마지막', '정의당', '이름', '선거', '정당', '득표율', '를', '기록', '것', '관련', '육박', '지지율', '석', '중', '의석', '몹시', '결과', '원칙', '선택', '때', '정도', '각오', '만큼', '겸허', '슈퍼', '여당', '시대', '진보', '야당', '역할', '더욱', '막중', '점', '유념', '국회', '장벽', '못', '여성', '청년', '녹색', '소수자', '삶', '헌신', '대변', '강조', '최선', '다한', '당원', '정의당', '홀로', '서기', '응원', '국민', '더', '결과', '외', '길', '정의당', '다시', '시작', '강조', '진보', '대안', '세력', '길', '집권', '여당', '기득권', '앞', '주저', '때', '개혁', '방향', '속도', '견인', '말', '해', '단식', '분위기', '속', '진행', '최소', '석', '확보', '교섭단체', '구성', '최대', '목표', '석', '현상', '유지', '기대', '결과', '때문', '다모', '발언', '심', '대표', '눈물', '고단', '정의당', '길', '언급', '대목', '감정', '듯', '잠시', '말', '영상', '취재', '이승환', '영상편집', '김희선', '신정은', '기자', '국민', '선택', '총선', '결과', '보기', '코로나', '속보', '무단', '복제', '및', '재', '배포', '금지']",0
"['정의당', '선', '대위', '해', '단식', '눈물', '심상정', '고', '길', '다시', '시작', '오마이', '뉴스', '글', '유성', '애', '사진', '우성', '심상정', '대표', '오전', '여의도', '국회', '총선', '선', '대위', '해', '단식', '고생', '후보', '당원', '감사', '인사', '전하', '눈물', '권우', '성기사', '대체', '오후', '입술', '잠시', '침묵', '뒤', '무엇', '모든', '것', '고단', '정의당', '길', '개척', '우리', '후보', '더', '당선', '정말', '고생', '후보', '당원', '감사', '합', '셔츠', '정장', '심상정', '대표', '끝내', '눈물', '목소리', '자꾸', '오전', '정의당', '중앙', '선거', '대책위', '해', '단식', '다담', '발언', '심', '대표', '고', '노회찬', '원내대표', '말', '인', '목소리', '그', '당', '앞', '말씀', '앞', '다시', '가장', '때', '목표', '발', '더', '것', '정의당', '외', '고', '길', '시작', '말', '뒤', '당', '지역구', '비례', '후보', '전', '대표', '고단', '길', '개척', '우리', '후보', '더', '당선', '말', '끝내', '다음', '말', '못', '고개', '입술', '울음', '눈물', '대변인', '전해', '준', '휴지', '눈가', '심', '대표', '배복', '주', '이은주', '등', '다른', '후보', '또한', '눈가', '심상정', '대표', '오전', '여의도', '국회', '총선', '선', '대위', '해', '단식', '발언', '권우', '슈퍼', '여당', '시대', '역할', '막중', '지역구', '부활', '선거', '개혁', '오점', '도심', '대표', '날', '문재인', '정부', '개혁', '게', '슈퍼', '여당', '국민', '명령', '평가', '그', '촛불', '혁명', '뒤', '첫', '총선', '무엇', '미래', '통합', '수구', '보수', '세력', '대해', '심판', '박근혜', '전', '대통령', '탄핵', '뒤', '제대로', '반성', '국회', '마비', '개혁', '거부', '그', '국민', '용서', '말', '심', '대표', '이번', '결과', '아쉬움', '표', '그', '총선', '정치', '강화', '지역구', '부활', '선거', '개혁', '등', '정치', '개혁', '후퇴', '역사', '오점', '명', '지역', '후보', '악전', '고투', '마지막', '정의당', '이름', '선거', '정의당', '정치', '도의', '벽', '무릎', '강조', '앞서', '비례', '위성정당', '참여', '원칙', '강조', '정의당', '지역구', '비례', '등', '총', '의', '석수', '석', '전망', '현역', '의원', '명도', '심', '대표', '경기', '고양', '제외', '생', '정의당', '그간', '진보', '정당', '사상', '최초', '시민', '선거인단', '등', '개방', '선제', '도입', '장애인', '주민', '당사자', '후보', '등', '노력', '이', '또한', '빛', '발', '관련', '기사', '정의당', '장애', '여성', '정치', '엄마', '후보', '등장', '개표', '결과', '정의당', '최종', '득표율', '로', '집계', '심', '대표', '약', '명', '국민', '명', '중', '명', '정의당', '택했다', '태풍', '가운데', '서도', '정의당', '준', '국민', '약', '지지율', '정의당', '석', '중', '목소리', '가지', '몹시', '원칙', '선택', '때', '각오', '만큼', '겸허', '다그', '최선', '다한', '당원', '정의당', '홀로', '서기', '응원', '주신', '국민', '여러분', '더', '결과', '재차', '사과', '슈퍼', '여당', '시대', '진보', '야당', '역할', '더', '막중', '걸', '유념', '국회', '장벽', '못', '여성', '청년', '녹색', '소수자', '삶', '대변', '집권', '여당', '기득권', '앞', '때', '개혁', '견인', '말', '원내', '교섭단체', '좌절', '연동', '비례', '제', '노회찬', '필생', '사명', '비례', '의석', '석', '것', '예견', '당', '분위기', '매우', '상태', '땅콩', '회항', '비례', '번', '박창진', '전', '대한항공', '승무원', '번', '배복', '주', '전', '전국', '성폭력', '담소', '대표', '번', '이자스민', '전', '의원', '등', '국회', '입성', '당', '지도', '부가', '애초', '목표', '건', '원내', '교섭단체', '구성', '최소', '석도', '좌절', '당내', '인사', '초상집', '분위기', '전', '심상정', '대표', '오전', '여의도', '국회', '총선', '선', '대위', '해', '단식', '참석', '권우', '성심', '대표', '지난', '라디오', '노회찬', '대표', '연동', '비례대표제', '필생', '사명', '생각', '말', '비례', '투표', '여야', '거대', '정당', '위성정당', '미래한국당', '시민', '선거', '제', '개혁', '일환', '도입', '준', '연동', '비례대표제', '또한', '의미', '퇴색', '평가', '관련', '기사', '거대', '당', '비례', '투표', '퇴색', '준', '연동', '비례', '제', '취지', '날', '심', '대표', '눈물', '뒤', '더', '말', '회의', '곧', '비공개', '전환', '당', '대변인', '실', '이후', '심', '대표', '마지막', '발언', '서면', '전', '늘', '세월호', '참사', '주기', '세월호', '사랑', '가족', '가슴', '유족', '위로', '말씀', '세월호', '참사', '뒤', '대한민국', '세월호', '정신', '깊이', '참사', '희생', '영령', '국가', '란', '무엇', '란', '물음', '더', '책임', '응답', '위해', '끝', '사력', '저작권', '오마이', '뉴스', '시민기자', '무단', '재', '및', '재', '배포', '금지', '한눈', '총선', '코로나', '속보', '보기', '라이브', '성교육', '질문', '해도']",0
"['제', '총선', '기대', '한참', '못', '성적표', '정의당', '심상정', '대표', '끝내', '눈물', '대표', '오전', '국회', '중앙', '선거', '대책', '위원회', '해', '단식', '무엇', '무엇', '말', '눈물', '보이', '말', '것', '고단', '정의당', '길', '개척', '우리', '겨우', '말', '다시', '눈물', '그', '우리', '후보', '더', '당선', '정말', '말', '후', '오열', '정의당', '이번', '총선', '지역구', '경기', '양갑', '심', '대표', '비례대표', '목표', '크게', '밑도', '석', '정도', '확보', '것', '전망', '당초', '이번', '총선', '교섭단체', '석', '구성', '목표', '총선', '임', '명', '이상', '의원', '배출', '것', '내심', '겨우', '현상', '유지', '만', '성적표', '국회', '현재', '정의당', '의', '석수', '석', '날', '해', '단식', '얼굴', '참석', '심', '대표', '우선', '국민', '명', '중', '명', '정의당', '선택', '지난', '대선', '시민', '정의당', '지지', '며', '과거', '세력', '퇴', '민심', '태풍', '가운데', '정의당', '국민', '감사', '고', '말', '정의당', '육박', '지지율', '석', '중', '의석', '며', '몹시', '결과', '원칙', '선택', '때', '정도', '각오', '겸허', '고', '고개', '정의당', '앞', '말씀', '앞', '다시', '가장', '때', '목표', '발', '더', '것', '라며', '외', '고', '길', '정의당', '시작', '고', '다짐', '전', '박태', '동아닷컴', '기자', '네이버', '동아일보', '채널', '구독', '집', '볼', '때', '메모장', '집', '보장', '동아일보', '무단', '재', '및', '재', '배포', '금지']",0
"['북한', '간부', '태양절', '금수산', '궁전', '참배', '북한', '고위', '부들', '지난', '김일성', '주석', '생일', '태양절', '김일성', '김정일', '시신', '금수산태양궁전', '참배', '조선', '중앙', '통신', '보도', '연합뉴스', '코로나', '확산', '사태', '외부', '행보', '자제', '가능성', '북한', '고위', '부들', '김일성', '주석', '생일', '태양절', '금수산태양궁전', '참배', '김정은', '국무위원', '참석', '것', '김', '위원장', '공식', '집권', '이후', '할아버지', '김', '주석', '생일', '참배', '건', '이번', '처음', '조선', '중앙', '통신', '조선', '중앙', '조선', '중앙', '방송', '등', '북한', '관영', '매체', '오전', '오후', '현재', '당', '정부', '간부', '무력', '기관', '책임', '일꾼', '부들', '전날', '김일성', '김정일', '시신', '금수산태양궁전', '소식', '전', '공개', '사진', '최룡해', '최고', '인민', '회의', '상임', '위원장', '겸', '국무위원', '회', '제', '부위', '원장', '박봉주', '국무위원', '회', '부위', '원장', '김재룡', '내각', '총리와', '정치국', '위원', '및', '후보', '위원', '등', '핵심', '간부', '수십', '자리', '북한', '간부', '태양절', '금수산', '궁전', '참배', '북한', '고위', '부들', '지난', '김일성', '주석', '생일', '태양절', '김일성', '김정일', '시신', '금수산태양궁전', '참배', '조선', '중앙', '통신', '보도', '연합뉴스', '김', '위원장', '금수산태양궁전', '참배', '보도', '김', '위원장', '명의', '꽃바구니', '뿐', '김', '위원장', '모습', '보이지', '이번', '김', '위원장', '코로나', '확산', '사태', '외부', '행보', '자제', '거', '관측', '김', '위원장', '달', '당', '정치국', '회의', '최고', '인민', '회의', '비롯', '군부', '시찰', '이', '진행', '만큼', '다른', '이유', '것', '해석', '김정은', '위원장', '노동당', '정치국', '회의', '발언', '북한', '지난', '김정은', '국무위원', '주재', '노동당', '정치국', '회의', '신종', '코로나바이러스', '감염증', '코로나', '대응', '방안', '등', '논의', '조선', '중앙', '통신', '보도', '김정은', '위원장', '정치국', '회의', '발언', '연합뉴스', '최선', '기자', '네이버', '서울', '신문', '구독', '클릭', '세상', '연예계', '얘기', '클릭', '서울', '신문', '무단', '재', '및', '재', '배포', '금지']",0
"['서울', '연합뉴스', '박수윤', '기자', '북한', '고위', '부들', '김일성', '주석', '생일', '태양절', '김일성', '김정일', '시신', '금수산태양궁전', '참배', '김정은', '국무위원', '참석', '것', '조선', '중앙', '통신', '조선', '중앙', '조선', '중앙', '방송', '등', '북한', '관영', '매체', '날', '오전', '오후', '현재', '당', '정부', '간부', '무력', '기관', '책임', '일꾼', '부들', '전날', '금수산태양궁전', '소식', '전', '김정은', '위원장', '금수산태양궁전', '참배', '보도', '조선', '중앙', '통신', '등', '북한', '고위', '부들', '노동당', '중앙', '위원회', '국무위원', '회', '최고', '인민', '회의', '상임', '위원회', '내각', '등', '명의', '꽃바구니', '헌화', '공개', '사진', '최룡해', '최고', '인민', '회의', '상임', '위원장', '겸', '국무위원', '회', '제', '부위', '원장', '박봉주', '국무위원', '회', '부위', '원장', '김재룡', '내각', '총리와', '정치국', '위원', '및', '후보', '위원', '등', '핵심', '간부', '수십', '명', '자리', '김', '위원장', '명의', '꽃바구니', '김', '위원장', '모습', '보이지', '금수산태양궁전', '헌화', '김정은', '명의', '꽃바구니', '서울', '연합뉴스', '북한', '김일성', '주석', '생일', '태양절', '고위', '간부', '지난', '김', '주석', '시신', '안치', '평양', '금수산', '태양', '궁전', '참배', '노동당', '기관지', '노동신문', '면', '보도', '김정은', '꽃바구니', '김일성', '주석', '김정일', '국방위원장', '동상', '앞', '노동신문', '홈페이지', '캡처', '재판매', '및', '금지', '김정은', '위원장', '공식', '집권', '이후', '할아버지', '김', '주석', '생일', '참배', '건', '이번', '처음', '김정은', '위원장', '지난해', '김', '주석', '생일', '늘', '고위', '간부', '대동', '금수산', '궁전', '참배', '북한', '매체', '당일', '다음', '날', '오전', '보도', '이번', '관련', '보도', '이', '이번', '김정은', '위원장', '신종', '코로나바이러스', '감염증', '코로나', '확산', '사태', '외부', '행보', '자제', '거', '관측', '다만', '김', '위원장', '달', '당', '정치국', '회의', '최고', '인민', '회의', '비롯', '군부', '시찰', '이', '진행', '만큼', '다른', '이유', '것', '해석', '한편', '김', '위원장', '이번', '김일성', '생일', '전국', '학생', '소년', '선물', '조선', '중앙', '방송', '날', '김', '위원장', '태양절', '전국', '아들', '아들', '어린이', '학생', '소년', '보양', '생', '은정', '선물', '보도', '북한', '고위', '간부', '태양절', '금수산태양궁전', '참배', '서울', '연합뉴스', '북한', '김일성', '주석', '생일', '태양절', '고위', '간부', '지난', '김', '주석', '시신', '안치', '평양', '금수산', '태양', '궁전', '참배', '노동당', '기관지', '노동신문', '면', '보도', '맨', '앞줄', '최룡해', '최고', '인민', '회의', '상임', '위원장', '겸', '국무위원', '회', '제', '부위', '원장', '박봉주', '국무위원', '회', '부위', '원장', '김재룡', '내각', '총리', '등', '자리', '김정은', '국무위원', '모습', '보이지', '노동신문', '홈페이지', '캡처', '재판매', '및', '금지', '코로나', '속보', '네이버', '연합뉴스', '구독', '클릭', '팩트', '체크', '네트워크', '코로나', '전파', '제보']",0
"['북한', '고위', '간부', '금수산태양궁전', '참배', '김정은', '공개', '활동', '조화', '포착', '건강', '이상설', '신종', '코로나', '우려', '설', '등', '제기', '신종', '코로나바이러스', '감염증', '코로나', '의', '확산', '경계', '연초', '국경', '밀봉', '정책', '북한', '최근', '움직임', '최고', '인민', '회의', '이틀', '연기', '데', '각종', '기념', '행사', '대폭', '줄', '김정은', '북한', '국무위원', '행보', '이례', '모습', '감지', '각종', '기념일', '매번', '김일성', '주석', '김정일', '국방위원장', '시신', '안치', '금수산태양궁전', '김', '위원장', '이번', '공개', '활동', '북한', '노동당', '기관지', '노동신문', '당', '정부', '간부', '무력', '기관', '책임', '일군', '일꾼', '금수산태양궁전', '경의', '표시', '며', '사진', '보도', '신문', '날', '참배', '박봉주', '국', '무위', '부위', '원장', '최용해', '최고', '인민', '회의', '상임', '위원장', '김재룡', '내각', '총리', '등', '노동당', '정치국원', '여', '명', '참가', '김', '위원장', '최고', '지도자', '오른', '뒤', '김', '주석', '생일', '사망일', '정치국원', '대동', '참배', '일정', '신종', '코로나', '외부', '활동', '대폭', '지난', '김정일', '국방위원장', '생일', '때', '정치국원', '명', '수행원', '일부', '축소', '채', '참배', '김일성', '주석', '생일', '북한', '태양절', '북한', '고위', '간부', '김', '주석', '시신', '안치', '금수산태양궁전', '참배', '김정은', '국무위원', '참배', '소식', '채', '본인', '명의', '조화', '뉴스', '지난', '참배', '김', '위원장', '모습', '김', '위원장', '공개', '활동', '북한', '매체', '머리', '기사', '오전', '현재', '태양절', '관련', '그', '행보', '일절', '노동신문', '공개', '사진', '금수산태양궁전', '층', '김', '주석', '김정일', '위원장', '입상', '앞', '김', '위원장', '명의', '조화', '포착', '김', '위원장', '여동생', '김여정', '당', '제', '부부', '등', '참배', '뒤', '조화', '수', '북한', '매체', '전하', '이유', '뿐', '당', '고위', '간부', '별도', '참배', '점', '그', '참배', '생략', '것', '관측', '정부', '당국자', '김', '위원장', '새해', '각종', '기념일', '기념', '보고', '대회', '참석', '등', '다른', '일정', '금수산태양궁전', '참배', '며', '북한', '매체', '보도', '판단', '기준', '공개', '활동', '파악', '고', '말', '북한', '노동당', '정부', '군', '고위', '간부', '김일성', '주석', '생일', '북한', '태양절', '그', '시신', '안치', '금수산태양궁전', '참배', '북한', '매체', '전', '김정은', '국무위원', '모습', '보이지', '뉴스', '북한', '매체', '김', '위원장', '참배', '소식', '것', '관련', '그', '지난', '서부', '지구', '공군', '부대', '시찰', '뒤', '참배', '정도', '건강', '게', '관측', '또', '지난', '지방', '수', '명의', '의원', '국회의원', '평양', '집결', '최고', '인민', '회의', '개최', '만큼', '신종', '코로나', '감염', '가능성', '우려', '활동', '중단', '시각', '다른', '정부', '당국자', '현재', '여러', '가능성', '상황', '파악', '중', '말', '정용수', '기자', '난', '진보', '보수', '초', '간단', '정치성향', '테스트', '내', '돈', '관리', '그게', '중앙', '일보', '가기', '중앙', '일보', '무단', '재', '및', '재', '배포', '금지']",0
"['머니투데이', '권', '다희', '기자', '평양', '노동신문', '뉴스', '북한', '노동당', '정부', '간부', '무력', '기관', '책임', '일꾼', '태양절', '김일성', '주석', '생일', '금수산태양궁전', '노동당', '기관지', '노동신문', '보도', '금수산태양궁전', '김일성', '주석', '김정일', '국방위원장', '시신', '안치', '곳', '최룡해', '국무위원', '회', '제', '부위', '원장', '박봉주', '국무위원', '회', '부위', '원장', '김재룡', '내각총리', '등', '참배', '김정은', '국무위원', '참배', '것', '국내', '사용', '가능', '재', '배포', '금지', '금지', '김정은', '북한', '국무위원', '김일성', '주석', '생일', '금수산', '태양', '궁전', '참배', '행사', '참석', '것', '불참', '김정은', '집권', '후', '처음', '매우', '이례', '평가', '북한', '노동당', '기관지', '노동신문', '민족', '최대', '경사', '태양절', '즈음', '당', '정부', '간부', '무력', '기관', '책임', '일군', '금수산', '태양', '궁전', '경의', '표시', '보도', '김', '위원장', '참석', '여부', '전하', '노동신문', '날', '공개', '사진', '김', '위원장', '모습', '최룡해', '최고', '인민', '회의', '상임', '위원장', '겸', '국무위원', '회', '제', '부위', '원장', '박봉주', '국무위원', '회', '부위', '원장', '등', '간부', '북한', '매체', '김', '위원장', '참석', '여부', '기록', '사진', '것', '볼', '때', '날', '행사', '김', '위원장', '참석', '가능성', '것', '추정', '불참', '이례', '금수산', '태양', '궁전', '김일성', '주석', '김정일', '국방위원장', '시신', '안치', '곳', '김', '위원장', '집권', '후', '태양절', '광명성절', '김정일', '국방위원장', '생일', '곳', '김', '위원장', '코로나', '전국', '비상', '방역', '상황', '아버지', '김정일', '국방위원장', '생일', '지난', '즈음', '금수산', '태양', '궁전', '참배', '북한', '매체', '통해', '공개', '통일부', '당국자', '날', '기자', '김', '위원장', '집권', '후', '소위', '광명성절', '태양절', '즈음', '금수산', '태양궁', '전의', '참배', '보도', '이번', '만약', '김', '위원장', '방문', '매우', '이례', '것', '불참', '이유', '대해', '분석', '수', '가장', '분석', '수', '것', '코로나', '관련', '참배', '수', '것', '논리', '방역', '조치', '시행', '중인', '지난', '김정일', '위원장', '생일', '참배', '만약', '가지', '그', '이유', '대해', '선', '좀', '더', '분석', '시간', '것', '한편', '북한', '지난', '단거리', '순항미사일', '발사', '역시', '다음', '날', '북한', '매체', '통해', '보도', '북한', '발사체', '발사', '다음', '날', '통상', '북한', '매체', '통해', '군사훈련', '소식', '전', '이번', '추이', '보이지', '것', '다만', '태양절', '합동', '참모', '본부', '북한', '미사일', '발표', '북한', '보도', '전례', '이', '당국자', '북한', '이', '문제', '순항미사일', '발사', '보도', '것', '말', '것', '인지', '대해', '선', '우리', '패턴', '말', '좀', '권', '다희', '기자', '줄리아', '투자', '노트', '조', '변호사', '가정', '담소', '머니투데이', '구독', '저작권', '돈', '리얼타임', '뉴스', '머니투데이', '무단', '재', '및', '재', '배포', '금지']",0
"['사진', '출처', '세월호', '관련', '막말', '논란', '차명진', '미래', '통합', '경기', '부천', '병', '후보', '당', '지도', '부가', '총선', '참패', '원인', '자신', '반발', '낙선', '차', '후보', '페이스북', '글', '자기', '책임', '면', '위해', '패배', '원인', '차명진', '세월호', '막말', '탓', '말', '다차', '후보', '여론조사', '공천', '때', '민주당', '미래', '통합', '김종인', '총괄', '선거', '대책', '위원장', '박형준', '공동', '선거', '대책', '위원장', '입당', '후', '더', '차명진', '발언', '이전', '일이', '주장', '수천', '건의', '여론조사', '거짓', '억지로', '차명진', '때문', '강변', '수', '자기', '선거', '전', '통합', '지지율', '안', '것', '코로나', '공천', '파동', '도부', '탓', '전날', '총선', '개표', '방송', '박', '위원장', '출연', '유시민', '노무현재단', '이사장', '비판', '후보', '패배', '차명진', '탓', '박형준', '발언', '옆', '유시민', '환호', '작약', '라라', '형준', '시민', '우리', '친구', '너희', '말', '차', '후보', '박', '위원장', '유', '이사장', '모두', '차', '후보', '유', '이사장', '시기', '서울대', '또', '세월호', '참사', '주기', '날', '차', '후보', '모든', '것', '무너', '린', '세월호', '우상화', '탑', '다시', '듯이', '복원', '말', '차', '후보', '후보자', '초청', '토론회', '세월호', '유족', '향', '원색', '주장', '이', '막말', '논란', '차', '후보', '당', '최고', '위원회', '제명', '법원', '무효', '결정', '통합', '후보', '선거', '완주', '문지영', '기자', '저작권', '무단', '재', '및', '재', '배포', '금지', '이', '시각', '코로나', '확', '진자', '현황', '확인', '네이버', '채널', '구독', '스타벅스', '기프티콘', '제', '국회의원', '선거', '기사', '모음']",0
"['제', '총선', '경기', '부천', '병', '출마', '미래', '통합', '차명진', '후보', '지난', '오후', '경기도', '부천시', '소사구', '일대', '차량', '타고', '시민', '지지', '호소', '이미지', '출처', '연합뉴스', '아시아', '경제', '윤', '신원', '기자', '차명진', '미래', '통합', '후보', '미래', '통합', '총선', '것', '자신', '막말', '탓', '책임', '주장', '다차', '후보', '날', '자신', '페이스북', '부관참시', '글', '자기', '책임', '면', '위해', '패배', '원인', '차명진', '세월호', '막말', '탓', '말', '다그', '여론조사', '공천', '때', '민주당', '통합', '달', '동안', '번의', '반전', '김종인', '박형준', '입당', '후', '더', '각', '지역', '개별', '여론', '조사', '결과', '마찬가지', '라며', '모두', '차명진', '발언', '이전', '일이', '지적', '수', '천', '건의', '여론조사', '거짓', '이', '팩트', '눈', '감', '수', '차명진', '때문', '강변', '수', '또', '자기', '선거', '전', '미래', '통합', '지지율', '안', '것', '신종', '코로나바이러스', '감염증', '코로나', '공천', '파동', '탓', '무', '감동', '도부', '때문', '주장', '다차', '후보', '이제', '차명진', '막말', '탓', '혹시', '그', '즈음', '지지율', '오르다', '차명진', '세월호', '텐츠', '폭로', '때문', '급락', '자료', '그거', '차명진', '욕', '강조', '통합', '게시판', '차명진', '제명', '반대', '항의', '줄', '중앙', '수도권', '당', '전화', '마비', '소리', '실무', '윤리', '위', '제명', '탈당', '권유', '게', '주장', '또', '차', '후보', '자기', '언론', '장악', '거짓', '사실', '인과관계', '수', '차명진', '마녀사냥', '수', '것', '또', '수', '반문', '전날', '개표', '방송', '박형준', '통합', '선거', '대책', '위원장', '패널', '출연', '유시민', '노무현재단', '이사장', '비난', '그', '어제', '방송', '총선', '패배', '차명진', '탓', '박형준', '발언', '옆', '유시민', '은근', '미소', '환호', '작약', '형준', '시민', '우리', '친구', '너희', '차', '후보', '박', '위원장', '유', '이사장', '동갑', '유', '이사장', '시기', '서울대', '바', '앞서', '지난', '차', '후보', '후보자', '초청', '토론회', '세월호', '자원봉사자', '세월호', '유가족', '텐트', '안', '말로', '표현', '수', '행위', '기사', '알', '발언', '논란', '당시', '차', '후보', '긴급', '최고', '위원회', '제명', '법원', '무효', '결정', '통합', '후보', '선거', '박형준', '위원장', '차', '후보', '세월호', '텐트', '관련', '막말', '통합', '수도권', '판도', '부정', '영향', '지적', '윤', '신원', '기자', '소름', '쫙', '내', '대운', '시기', '확인', '네이버', '아시아', '경제', '뉴스', '놀', '준비', '드루', '드링킷경제', '눈', '세계', '창', '아시아', '경제', '무단', '재', '배포', '금지']",0
"['내', '발언', '때문', '지지율', '급락', '자료', '패배', '책임', '회피', '차명진', '탓해', '준', '시민', '너희', '나제', '총선', '경기', '부천', '병', '출마', '미래', '통합', '차명진', '후보', '오후', '경기도', '부천시', '소사구', '일대', '차량', '타고', '시민', '지지', '호소', '사진', '연합뉴스', '세월호', '막말', '논란', '차명진', '미래', '통합', '경기', '부천', '병', '후보', '총선', '참패', '자신', '탓', '주장', '차', '후보', '페이스북', '통해', '통합', '도부', '자기', '책임', '면', '위해', '패배', '원인', '차명진', '세월호', '막말', '탓', '여론조사', '공천', '때', '민주당', '통합', '김종인', '박형준', '입당', '후', '더', '이', '모두', '차명진', '발언', '이전', '일이', '지적', '차', '후보', '이제', '총선', '참패', '차명진', '막말', '탓', '혹시', '그', '즈음', '지지율', '오르다', '차명진', '세월호', '텐트', '폭로', '때문', '급락', '자료', '그거', '차명진', '욕', '저', '하나', '거', '분통', '사람', '자기', '모든', '것', '무너', '린', '세월호', '우상화', '탑', '다시', '듯이', '복원', '이', '포스팅', '우파', '포함', '모든', '언론', '외면', '거', '차명진', '정신', '못', '줄', '안', '패', '대기', '어차피', '뭐', '또', '차', '후보', '어제', '방송', '총선', '패배', '차명진', '탓', '박형준', '발언', '옆', '유시민', '은근', '미소', '환호', '작약', '라며', '형준', '시민', '우리', '친구', '너희', '글', '차', '후보', '유시민', '노무현재단', '이사장', '박형준', '미래', '통합', '동선', '위원장', '총선', '결과', '민주당', '시민', '단독', '석', '차지', '제', '국회의원선거', '당선자', '및', '결과', '보기', '김명일', '한경닷컴', '기자', '네이버', '한국', '경제', '뉴스', '한경닷컴', '바로가기', '모바일', '한경', '구독', '신청', '한국', '경제', '무단', '재', '및', '재', '배포', '금지']",0
"['공천', '때', '여론조사', '세월호', '발언', '이전', '비닐', '장갑', '착용', '투표', '차명진', '제', '총선', '경기', '부천', '병', '출마', '미래', '통합', '차명진', '후보', '경기도', '부천시', '투표소', '투표', '위해', '차명진', '후보', '선거', '사무소', '제공', '재판매', '및', '금지', '서울', '연합뉴스', '이동환', '기자', '세월호', '텐트', '막말', '논란', '미래', '통합', '차명진', '후보', '통합', '총선', '참패', '관련', '자기', '책임', '면', '위해', '패배', '원인', '차명진', '세월호', '막말', '탓', '당', '도부', '겨냥', '경기', '부천', '병', '낙선', '차', '후보', '날', '페이스북', '부관참시', '란', '제목', '글', '공천', '때', '여론조사', '민주당', '통합', '주장', '차', '후보', '여론조사', '김종인', '박형준', '입당', '후', '더', '이', '모두', '차명진', '발언', '이전', '일이', '이제', '차명진', '막말', '탓', '김종인', '총괄', '선거', '대책', '위원장', '박형준', '동선', '위원장', '비판', '전날', '개표', '방송', '박', '위원장', '패널', '출연', '유시민', '노무현재단', '이사장', '공격', '그', '어제', '방송', '총선', '패배', '차명진', '탓', '박형준', '발언', '옆', '유시민', '은근', '미소', '환호', '작약', '형준', '시민', '우리', '친구', '너희', '목소리', '차', '후보', '박', '위원장', '유', '이사장', '모두', '동갑', '내기', '차', '후보', '유', '이사장', '시기', '서울대', '학생운동', '차', '후보', '나', '동지', '자', '세월호', '텐트', '진실', '수', '권한', '자', '세월호', '우상화', '탑', '다시', '듯이', '복원', '자기', '로', '장악', '인과관계', '차명진', '마녀사냥', '또', '수', '주장', '차', '후보', '앞서', '지난', '방송', '후보자', '초청', '토론회', '혹시', '사건', '사건', '며', '세월호', '자원봉사자', '세월호', '유가족', '텐트', '안', '말로', '표현', '수', '행위', '기사', '알', '발언', '막말', '비판', '그', '막말', '논란', '긴급', '최고', '위원회', '제명', '법원', '무효', '결정', '통합', '후보', '선거', '코로나', '속보', '네이버', '연합뉴스', '구독', '클릭', '팩트', '체크', '네트워크', '코로나', '전파', '제보']",0
"['민주당', '긴급', '재난', '원금', '브리핑', '긴급', '재난', '원금', '위', '포인트', '추경', '중', '국회', '처리', '지급', '차', '추경', '상황', '검토', '것', '이데일리', '윤기백', '기자', '민주당', '긴급', '재난', '원금', '지원', '골자', '차', '추가경정예산', '안', '대해', '중', '국회', '처리', '내', '지급', '수', '정부', '날', '국무회의', '통해', '규모', '제', '추경안', '의결', '차', '추경안', '소득', '하위', '이하', '가구', '인', '이상', '기준', '긴급', '재난', '원금', '지원', '내용', '골자', '민주당', '조정식', '정책', '위', '의장', '왼쪽', '국회', '대표', '회의실', '긴급', '재난', '원금', '관련', '브리핑', '사진', '연합뉴스', '조정식', '민주당', '정책', '위', '의장', '날', '국회', '청', '긴급', '재난', '원금', '관련', '브리핑', '통해', '이번', '추경안', '긴급', '재난', '원금', '지급', '위', '포인트', '추경', '라며', '민주당', '총선', '후', '국회', '심의', '통해', '모든', '국민', '대상', '긴급', '재난', '원금', '지급', '추진', '방침', '고', '미래', '통합', '등', '야당', '역시', '보편', '긴급', '재난', '원금', '지급', '동의', '만큼', '조속', '추경', '처리', '협조', '당부', '며', '이번', '추경', '국민', '삶', '지원', '위축', '소비', '진작', '도움', '수', '추경', '처리', '최선', '고', '약속', '추경', '재원', '국채', '발행', '기금', '조성', '충당', '예정', '조', '정책', '위', '의장', '추가', '지출', '조정', '국채', '발행', '등', '여러', '방안', '종합', '감안', '재정', '건전성', '크게', '해치', '범위', '해결', '것', '다만', '정부', '여야', '국회', '추경', '심의', '과정', '추가', '재원', '관련', '여러', '방안', '검토', '수', '것', '부연', '긴급', '재난', '원금', '중', '지급', '전망', '조', '정책', '위', '의장', '중', '국회', '본회의', '처리', '뒤', '지급', '수', '예정', '차', '추경', '대해', '말', '코로나', '상황', '국', '상황', '전', '세계', '팬데믹', '상황', '만큼', '앞', '상황', '추가', '추경', '검토', '수', '고', '차', '추경', '대한', '가능성', '내비', '윤기백', '네이버', '이데일리', '구독', '청춘', '뉘', '우스', '스냅', '타임', '종합', '경제', '정보', '미디어', '이데일리', '무단', '재', '재', '배포', '금지']",0
"['정부', '추경안', '소득', '하위', '대상', '확정', '포인트', '추경안', '편성', '국회', '심의', '전', '국민', '지급', '방안', '추가', '논의', '전', '국민', '지급', '예산', '야당', '전', '국민', '지급', '동의', '지급', '조정식', '왼쪽', '민주당', '정책', '위', '의장', '국회', '대표', '회의실', '긴급', '재난', '원금', '브리핑', '연합', '헤럴드경제', '김수한', '기자', '조정식', '민주당', '정책', '위', '의장', '코로나', '긴급', '재난', '원금', '지급', '위', '추가', '경정', '예산안', '처리', '관련', '이번', '주', '중', '여야', '합의', '통해', '다음주', '추경', '심사', '착수', '중', '처리', '추진', '고', '말', '또한', '현재', '확정', '소득', '하위', '대상', '긴급', '재난', '원금', '관해', '여야', '논의', '전', '국민', '지급', '방안', '추진', '계획', '조', '정책', '위', '의장', '날', '국회', '브리핑', '통해', '이번', '추경안', '원금', '지급', '위', '포인트', '추경', '므', '정부', '추경안', '제출', '최대한', '시일', '내', '국회', '처리', '며', '다그', '미래', '통합', '등', '야당', '역시', '보편', '원금', '지급', '동의', '만큼', '조속', '추경', '처리', '협조', '고', '당부', '재난', '원금', '지급', '시기', '대해', '선', '내', '신속', '처리', '전', '국민', '대상', '신속', '지급', '추진', '생각', '정부', '날', '임시', '국무회의', '코로나', '로', '어려움', '소득', '하위', '이하', '긴급', '재난', '원금', '지급', '위해', '규모', '추경안', '확정', '민주당', '국회', '심의', '과정', '예산', '증액', '소득', '하위', '전체', '가구', '긴급', '재난', '원금', '지급', '계획', '전', '국민', '지급', '경우', '긴급', '재난', '원금', '예산', '것', '추산', '조', '정책', '위', '의장', '정부', '일단', '소득', '하위', '대상', '국회', '추경안', '제출', '민주당', '총선', '기간', '전', '국민', '지급', '말', '야당', '목소리', '며', '여야', '입장', '일치', '만큼', '논의', '생각', '고', '국민', '지급', '시', '재원', '관련', '선', '정부', '추경', '재원', '국채', '발행', '전액', '지출', '구조조정', '기금', '지원', '활용', '충당', '때문', '추가', '지출', '조정', '국채', '발행', '등', '여러', '방안', '감안', '재정', '건전성', '크게', '훼손', '범위', '논의', '수', '생각', '고', '말', '조', '정책', '위', '의장', '차', '추경', '대해', '차', '추경', '심의', '차', '추경', '시점', '지금', '이야기', '전', '세계', '팬데믹', '상황', '경제', '파장', '예단', '상황', '이후', '상황', '향후', '차', '추경', '그', '역시', '검토', '수', '고', '가능성', '민주당', '다음주', '초', '추경안', '시정', '연설', '위', '회의', '여', '것', '목표', '야당', '의사', '일정', '협의', '계획', '우리동네', '젠트리피케이션', '위험', '도', '코로나', '현황', '보기', '전국', '농', '축산물', '소비', '캠페인', '헤럴드경제', '무단', '재', '및', '재', '배포', '금지']",0
"['조정식', '국민', '지급', '추가', '재원', '지출', '조정', '국채', '발행', '등', '검토', '긴급', '재난', '원금', '관련', '브리핑', '조정식', '정책', '위', '의장', '서울', '연합뉴스', '김인철', '기자', '민주당', '조정식', '정책', '위', '의장', '왼쪽', '국회', '대표', '회의실', '긴급', '재난', '원금', '관련', '브리핑', '서울', '연합뉴스', '유미', '홍규', '빈', '기자', '민주당', '조정식', '정책', '위', '의장', '신종', '코로나바이러스', '감염증', '코로나', '긴급', '재난', '원금', '지급', '위', '추가경정예산', '안', '처리', '계획', '관련', '금주', '중', '여야', '합의', '통해', '내주', '추경', '심사', '착수', '중', '처리', '추진', '말', '조', '정책', '위', '의장', '날', '국회', '브리핑', '통해', '이번', '추경안', '원금', '지급', '위', '포인트', '추경', '므', '정부', '추경안', '제출', '최대한', '시일', '내', '국회', '처리', '그', '미래', '통합', '등', '야당', '역시', '보편', '원금', '지급', '동의', '만큼', '조속', '추경', '처리', '협조', '당부', '재난', '원금', '지급', '시기', '대해', '선', '내', '신속', '처리', '전', '국민', '대상', '신속', '지급', '추진', '생각', '정부', '날', '임시', '국무회의', '코로나', '로', '어려움', '소득', '하위', '이하', '가구', '긴급', '재난', '원금', '지급', '위해', '규모', '추가경정예산', '추경안', '확정', '민주당', '국회', '심의', '과정', '예산', '증액', '소득', '하위', '전체', '가구', '긴급', '재난', '원금', '지급', '계획', '전', '국민', '지급', '경우', '긴급', '재난', '원금', '예산', '것', '추산', '조', '정책', '위', '의장', '정부', '일단', '소득', '하위', '대상', '국회', '추경안', '제출', '민주당', '총선', '기간', '중', '전', '국민', '지급', '말', '야당', '목소리', '여야', '입장', '일치', '만큼', '논의', '생각', '전', '국민', '지급', '시', '재원', '관련', '선', '정부', '추경', '재원', '국채', '발행', '전액', '지출', '구조조정', '금지', '활용', '충당', '때문', '추가', '지출', '조정', '국채', '발행', '등', '여러', '방안', '감안', '재정', '건전성', '크게', '훼손', '범위', '논의', '수', '생각', '설명', '조', '정책', '위', '의장', '차', '추경', '관련', '선', '차', '추경', '심의', '차', '추경', '시점', '지금', '이야기', '전', '세계', '팬더믹', '상황', '경제', '파장', '예단', '상황', '이후', '상황', '향후', '차', '추경', '그', '역시', '검토', '수', '가능성', '민주당', '다음', '주', '초', '추경안', '시정', '연설', '위', '본회의', '여', '것', '목표', '야당', '의사', '일정', '협의', '계획', '코로나', '속보', '네이버', '연합뉴스', '구독', '클릭', '팩트', '체크', '네트워크', '코로나', '전파', '제보']",0
"['조정식', '민주당', '정책', '위', '의장', '오후', '서울', '여의도', '국회', '기자회견', '코로나', '긴급', '재난', '원금', '관련', '브리핑', '사진', '뉴스', '파이낸셜뉴스', '총선', '압승', '민주당', '긴급', '재난', '원금', '지급', '방침', '다시', '번', '공식', '민주당', '재원', '마련', '위해', '국채', '추가', '발행', '방안', '동원', '정부', '가구', '소득', '하위', '선', '적', '지급', '방안', '고수', '조정식', '민주당', '정책', '위', '의장', '날', '국회', '코로나', '국난', '국민', '피해', '국민', '모두', '국난', '극복', '동참', '상황', '국가', '모든', '국민', '삶', '보호', '필요', '며', '모든', '국민', '긴급', '재난', '원금', '지급', '조', '정책', '위', '의장', '중', '본회의', '처리', '중', '모든', '국민', '대상', '지급', '추진', '예정', '설명', '야당', '총선', '기간', '동안', '긴급', '재난', '원금', '전수', '지급', '주장', '만큼', '추경안', '통과', '협조', '당부', '재원', '충당', '위해', '국채', '발행', '감안', '조', '정책', '위', '의장', '말', '그', '이번', '정부', '국채', '발행', '지출', '조정', '기금', '조정', '재원', '충당', '며', '재원', '마련', '방안', '추가', '세', '조정', '국채', '발행', '등', '여러', '방안', '종합', '감안', '고', '정부', '날', '오전', '임시', '국무회의', '제', '추경안', '심의', '의결', '이번', '추경', '소득', '하위', '이하', '가구', '긴급', '재난', '원금', '지급', '위', '목적', '편성', '규모', '규모', '민주당', '지급', '대상', '모든', '가구', '확대', '경우', '필요', '예산', '규모', '것', '전망', '소득', '하위', '이하', '지급', '때', '재원', '부담', '가량', '이', '추가', '소요', '예산', '충당', '위해', '국채', '발행', '동원', '것', '민주당', '방침', '조', '정책', '위', '의장', '코로나', '상황', '사상', '초유', '상황', '해결', '위', '선제', '대응', '정부', '재정', '적극', '역할', '것', '전', '세계', '정책', '기조', '라며', '우리', '재정', '건', '정성', '경제개발', '협력', '기구', '국가', '비교', '양호', '만큼', '부분', '종합', '감안', '논의', '수', '고', '설명', '권승현', '기자', '리나', '스토리', '뉴스', '헉스', '척', '당신', '위', '두유노', '저작권', '파이낸셜뉴스', '무단', '전', '배포', '금지']",0
"['민생', '손학규', '상임', '선대', '위원', '국회', '제', '총선', '패배', '관련', '기자회견', '연합뉴스', '손학규', '민생', '상임', '선거', '대책', '위원', '총선', '데', '대해', '선거', '결과', '모든', '책임', '지고', '고', '손', '위원장', '날', '국회', '기자회견', '총선', '결과', '겸허', '수용', '결과', '보고', '여러분', '앞', '송구', '며', '말', '그', '이번', '선거', '제', '지대', '국민', '눈높이', '모두', '민심', '못', '저', '불찰', '말', '국민', '여러분', '당원', '동지', '여러분', '며', '자리', '고개', '손', '위원장', '이번', '선거', '범여', '표', '것', '대해', '국민', '경제', '안보', '인사', '실패', '불구', '문재인', '정부', '실정', '앞', '하라', '격려', '준', '것', '이자', '미래', '통합', '나라', '정권', '싸움', '말', '경고', '것', '풀이', '국민', '제', '세력', '견제', '기회', '줄', '여유', '며', '분열', '탈당', '홍', '자도', '생으로', '민생', '표', '줄', '수가', '것', '모두', '저희', '잘못', '문재인', '정부', '향', '국민', '표', '오해해', '진영', '위주', '폭주', '고', '경고', '현재', '승자', '독식', '제왕', '대통령제', '거대', '당', '정권', '싸움', '며', '개헌', '통해', '권력', '구조', '고', '주장', '민생', '손학규', '상임', '선대', '위원', '국회', '기자회견', '제', '국회의원', '선거', '패배', '대한', '사죄', '인사', '연합뉴스', '또', '민주당', '미래', '통합', '향', '선', '이번', '선거', '연동', '비례대표제', '비례', '위성정당', '왜곡', '거대', '당', '잘못', '결과', '지적', '선거법', '개정', '통해', '연동', '비례대표제', '보완', '말', '그', '지역구', '후보', '몇', '명', '이상', '내지', '정당', '비례', '후보', '낼', '수', '비례', '석수', '연동', '취지', '제안', '손', '위원장', '당원', '당직', '자', '중도', '개혁', '봄', '반드시', '다시', '것', '믿음', '제', '지대', '면서', '제', '정당', '정당', '간', '타협', '중재', '합의제', '민주주의', '달라', '당부', '향후', '거취', '대해', '선거법', '개정', '연구', '통해', '범국민적', '운동', '전개', '것', '민생', '총선', '단', '하나', '의', '석도', '내지', '결과', '개표', '결과', '민생', '지역구', '석', '비례대표', '석', '당선자', '명도', '배출', '이민정', '기자', '난', '진보', '보수', '초', '간단', '정치성향', '테스트', '내', '돈', '관리', '그게', '중앙', '일보', '가기', '중앙', '일보', '무단', '재', '및', '재', '배포', '금지']",0
"['문', '정부', '표', '오해해', '폭주', '선', '연동', '비례대표제', '보완', '총선', '패배', '고개', '민생', '손학규', '서울', '연합뉴스', '진성', '철', '기자', '민생', '손학규', '상임', '선대', '위원', '국회', '기자회견', '제', '국회의원', '선거', '패배', '대한', '사죄', '인사', '서울', '연합뉴스', '김동호', '기자', '민생', '손학규', '상임', '선대', '위원장', '국회의원', '선거', '다음', '날인', '결과', '송구', '그', '모두', '민심', '못', '저', '불찰', '라며', '선거', '결과', '대한', '모든', '책임', '지고', '손', '위원장', '날', '국회', '기자회견', '투표', '율', '민심', '이번', '선거', '제', '지대', '국민', '눈높이', '총선', '결과', '겸허', '수용', '며', '말', '그', '국민', '여러분', '당원', '동지', '여러분', '자리', '고개', '손', '위원장', '이번', '선거', '코로나', '위기', '정치가', '힘', '대응', '집권', '표', '준', '것', '말', '경제', '안보', '인사', '실패', '불구', '문재인', '정권', '실정', '격려', '것', '정권', '싸움', '말', '미래', '통합', '경고', '것', '지적', '손', '위원장', '국민', '로서', '제', '세력', '견제', '기회', '줄', '여유', '분열', '탈당', '홍', '자도', '생으로', '민생', '표', '줄', '수', '모두', '저희', '잘못', '말', '그', '문재인', '정부', '표', '오해해', '이념', '진영', '위주', '폭주', '정치', '안', '앞', '선거법', '개정', '연동', '비례대표제', '보완', '지역구', '후보', '내지', '정당', '비례', '후보', '낼', '수', '주장', '손', '위원장', '민생', '국회', '석', '정의당', '석', '국민의당', '석', '국민', '힘', '동원', '제', '세력', '제', '역할', '수', '앞', '전개', '국회', '위해', '제', '지대', '정당', '정비', '것', '말', '그', '향후', '거취', '대해', '선거법', '개정', '연구', '통해', '범국민적', '운동', '전개', '것', '언급', '기자회견', '손학규', '서울', '연합뉴스', '진성', '철', '기자', '민생', '손학규', '상임', '선대', '위원', '국회', '제', '총선', '패배', '관련', '기자회견', '코로나', '속보', '네이버', '연합뉴스', '구독', '클릭', '팩트', '체크', '네트워크', '코로나', '전파', '제보']",0
"['정부', '국민', '표', '폭주', '중도', '개혁', '봄', '제', '지대', '서울', '뉴시스', '김명원', '기자', '손학규', '민생', '상임', '선대', '위원', '서울', '여의도', '민생', '당사', '시청', '제', '국회의원선거', '개표', '방송', '출구조사', '예측', '결과', '표정', '뉴시스', '정진', '기자', '손학규', '민생', '상임', '선거', '대책', '위원장', '제', '총선', '결과', '관련', '나', '선거', '결과', '대한', '모든', '책임', '지고', '말', '손', '위원장', '날', '오후', '국회', '기자회견', '당초', '지역구', '비례대표', '석', '보유', '민생', '이번', '총선', '석도', '성적표', '다그', '총선', '참패', '대해', '선', '모두', '민심', '못', '저', '불찰', '라며', '선거운동', '임', '후보자', '여러분', '당직', '지지자', '여러분', '도', '면목', '국민', '여러분', '당원', '동지', '여러분', '고개', '이번', '선거', '제', '지대', '국민', '눈높이', '국민', '여러분', '제', '지대', '제대로', '그', '역할', '주시', '채찍', '질', '생각', '총선', '결과', '겸허', '수용', '손', '위원장', '압승', '정부', '여당', '향', '선', '문재인', '정부', '국민', '표', '오해', '오직', '이념', '진영', '위주', '폭주', '정치', '안', '지적', '다그', '당원', '대해', '선', '우리', '포기', '견제', '균형', '이', '나라', '안', '것', '라며', '중도', '개혁', '봄', '반드시', '다시', '것', '믿음', '가지', '제', '지대', '강조', '우리', '더', '이상', '정치', '거대', '당', '싸움판', '둘', '게', '정당', '협의', '타협', '통한', '합의제', '민주주의', '제도', '개혁', '앞장', '것', '라며', '제', '정당', '타협', '중재', '주장', '사실', '거대', '당', '구도', '초래', '연동', '비례대표제', '대해', '선', '선거법', '개정', '통해', '연동', '비례대표제', '보완', '지역구', '후보', '몇', '명', '이상', '내지', '정당', '비례', '후보', '낼', '수', '비례', '석수', '연동', '취지', '말', '손', '위원장', '향후', '거취', '질문', '우리', '알', '제', '지대', '중간', '지대', '무당파', '크게', '존재', '그게', '선거', '때', '거대', '당', '원심력', '작용', '제', '지대', '제대로', '정치', '운동', '필요', '이번', '총선', '민생', '호남', '중진', '의원', '세칭', '올드보이', '성적표', '채', '무더기', '물', '갈이', '박지원', '천정배', '정동영', '등', '세칭', '박정', '비롯', '박주선', '김동철', '조배숙', '유성엽', '황주홍', '의원', '등', '지난', '총선', '안철수', '바람', '민주당', '중진', '모두', '패', '호남', '석권', '민생', '몰락', '예견', '결과', '것', '정가', '평가', '문재인', '대통령', '민주당', '대한', '호남', '지지', '압도', '데', '다가', '미래', '민주', '평화', '대안', '신당', '등', '당', '통합', '비례대표', '파동', '이', '호남', '중진', '볼썽', '기득권', '다툼', '계파', '싸움', '국민', '눈살', '때문', '공감', '언론', '뉴시스', '선택', '제', '총선', '모든', '것', '유명', '미술', '작품', '가격', '공개', '뉴시스', '빅데이터', '주가', '시세', '표', '바로가기', '공감', '언론', '뉴시스', '통신사', '무단', '전', '배포', '금지']",0
"['동영상', '뉴스', '민생', '이번', '총선', '지역구', '석', '비례대표', '석', '당선자', '명도', '배출', '손학규', '상임', '선대', '위원', '기자회견', '회', '현장', '직접', '손학규', '민생', '상임', '선대', '위원장', '결과', '여러분', '앞', '송구', '그', '모두', '민심', '못', '저', '불찰', '선거운동', '해', '주신', '후보자', '여러분', '당직', '지지자', '여러분', '도', '면목', '국민', '여러분', '당원', '동지', '여러분', '이번', '총선', '가장', '투표', '율', '기록', '투표', '율', '민심', '이번', '선거', '제', '지대', '국민', '눈높이', '국민', '여러분', '제', '지대', '제대로', '그', '역할', '주시', '채찍', '질', '생각', '총선', '결과', '겸허', '수용', '존경', '국민', '여러분', '이번', '선거', '경제위기', '코로나', '위기', '정치가', '분열', '대립', '가지', '힘', '대응', '집권', '표', '준', '것', '국민', '경제', '실패', '안보', '실패', '인사', '실패', '불구', '문재인', '정부', '이제', '실정', '앞', '격려', '것', '나라', '정권', '싸움', '말', '미래', '통합', '경고', '것', '국민', '로서', '제', '세력', '견제', '기회', '줄', '여유', '분열', '탈당', '홍', '자도', '생으로', '민생', '표', '줄', '수가', '것', '다모', '저희', '문재인', '정부', '국민', '표', '오해', '오직', '이념', '진영', '위주', '폭도', '정치', '안', '우리', '국민', '폭주', '정치', '싸움', '정치', '위', '제도', '정비', '이번', '선거', '연동', '비례대표제', '잘못', '때문', '연동', '비례대표제', '비례', '위성정당', '왜곡', '거대', '당', '잘못', '결과', '앞', '선거법', '개정', '통해', '연동', '비례대표제', '보완', '지역구', '후보', '몇', '명', '이상', '내지', '정당', '비례', '후보', '낼', '수', '비례', '석수', '연동', '취지', '이번', '총선', '서울', '경기', '합', '득표', '수가', '민주당', '통합', '의', '석수', '로', '불균형', '독일', '연동', '비례대표제', '통', '정치', '균형', '취하', '통한', '정치', '안정', '경제', '발전', '안보', '평화', '발전', '기여', '우리', '승자', '독식', '제왕', '대통령제', '거대', '당', '정권', '싸움', '개헌', '통해', '권력', '구조', '국회', '정치', '중심', '서서', '정당', '간의', '협의', '협상', '타협', '합의', '국정', '유럽', '여러', '나라', '다당제', '연합', '정치가', '시대', '우리', '가야', '권력', '구조', '제', '말', '공화국', '이번', '선거', '제', '지대', '것', '우리', '더', '이상', '정치', '거대', '당', '싸움판', '둘', '게', '정당', '간', '협의', '타협', '통한', '합의제', '민주주의', '제도', '개혁', '것', '제', '정당', '타협', '중재', '국민', '힘', '아야', '이제', '시작', '저', '선거', '결과', '대한', '모든', '책임', '지고', '당원', '동지', '여러분', '다당제', '불씨', '안', '것', '우리', '포기', '견제', '균형', '나라', '안', '것', '중도', '개혁', '봄', '반드시', '다시', '것', '믿음', '가지', '제', '지대', '봄', '꽃망울', '다시', '수', '잠시', '우리', '스스로', '역량', '계기', '아야', '것', '한번', '이번', '선거', '혼신', '노력', '해', '주신', '당원', '동지', '여러분', '당직', '여러분', '전국', '지지자', '여러분', '감사', '여건', '속', '출마', '자신', '가정', '희생', '출마', '여러분', '마음', '감사', '뜻', '표', '도', '반성', '성찰', '오늘', '패배', '대한', '책임', '연합뉴스', '기사', '문의', '및', '제보', '카톡', '라인', '연합뉴스', '네이버', '채널', '구독', '생방송', '시청', '대한민국', '뉴스', '시작', '연합뉴스', '앱', '다운']",0
"['국민의당', '안철수', '대표', '지난', '오후', '서울', '마포구', '당사', '개표', '황실', '겸허', '끝', '결과', '입장', '사진', '연합뉴스', '안철수', '국민의당', '대표', '총선', '결과', '대해', '민심', '곧', '심', '라며', '국민', '선택', '결정', '겸허', '대표', '날', '오전', '기자', '입장', '문', '망국', '이념', '진영', '정치', '극복', '실용', '중도정치', '정착', '우리', '사회', '문제', '해결', '합리', '개혁', '추진', '저희', '말', '대표', '진정', '더', '자세', '국민', '삶', '현장', '말', '행동', '언행', '일치', '정치', '꼭', '실천', '저희', '국민의당', '더욱', '노력', '변화', '국민', '마음속', '항상', '것', '라며', '성원', '국민', '여러분', '진심', '머리', '감사', '말', '이번', '총선', '지역구', '후보자', '비례대표', '의원', '후보자', '공천', '국민의당', '정당', '투표', '표', '득표율', '를', '비례대표', '석', '중', '석', '확보', '데', '당초', '국민의당', '개', '이상', '의석', '확보', '목표', '대표', '향후', '거취', '대해', '서도', '관심', '석', '미만', '군소', '정당', '거대', '당', '사이', '캐스팅', '보트', '역할', '법안', '발의', '명', '이상', '찬성', '필요', '상황', '일각', '안', '대표', '미래', '통합', '연대', '통합', '통해', '보수', '진영', '대권', '주자', '자리', '수', '관측', '실제', '총선', '하루', '전날', '지난', '고위', '공직자', '처', '처법', '위해', '통합', '수', '음', '시사', '정동', '한경닷컴', '기자', '네이버', '한국', '경제', '뉴스', '한경닷컴', '바로가기', '모바일', '한경', '구독', '신청', '한국', '경제', '무단', '재', '및', '재', '배포', '금지']",0
"['사진', '뉴시스', '국민의당', '안철수', '대표', '제', '총선', '결과', '대해', '국민', '선택', '결정', '겸허', '고', '대표', '입장', '문', '통해', '망국', '이념', '진영', '정치', '극복', '실용', '중도정치', '정착', '우리', '사회', '문제', '해결', '합리', '개혁', '추진', '저희', '고', '말', '진정', '더', '자세', '국민', '삶', '현장', '며', '말', '행동', '언행', '일치', '정치', '꼭', '실천', '고', '강조', '대표', '국민의당', '더욱', '노력', '변화', '국민', '마음', '속', '항상', '것', '마무리', '한편', '중앙', '선거', '관리', '위원회', '발표', '비례대표', '선거', '개표', '결과', '국민의당', '의', '득표율', '기록', '국민의당', '비례대표', '후보', '번', '번인', '최연', '숙', '계명대', '동산병원', '간호', '부원장', '이태규', '전', '의원', '권은희', '이원', '국회', '입성', '최윤', '동아닷컴', '기자', '네이버', '동아일보', '채널', '구독', '집', '볼', '때', '메모장', '집', '보장', '동아일보', '무단', '재', '및', '재', '배포', '금지']",0
"['안철수', '국민의당', '대표', '오후', '서울', '마포구', '당사', '개표', '황실', '겸허', '끝', '결과', '입장', '연합뉴스', '총선', '석', '확보', '게', '국민의당', '안철수', '대표', '국민', '선택', '결정', '겸허', '고', '대표', '날', '입장', '문', '망국', '이념', '진영', '정치', '극복', '실용', '중도정치', '정착', '합리', '개혁', '추진', '저희', '며', '이번', '총선', '지역구', '후보자', '비례대표', '의원', '후보자', '공천', '국민의당', '정당', '투표', '표', '득표율', '를', '석', '확보', '데', '앞서', '국민의당', '개', '이상', '의석', '확보', '목표', '제시', '바', '안', '대표', '진정', '더', '자세', '국민', '삶', '현장', '며', '말', '행동', '언행', '일치', '정치', '꼭', '실천', '고', '국민의당', '더욱', '노력', '변화', '국민', '마음속', '항상', '것', '국민의당', '정당', '투표', '를', '확보', '함', '비례', '순번', '번', '최연', '숙', '후보', '번', '이태규', '후보', '번', '권은희', '후보', '국회', '입성', '총선', '당시', '국민의당', '비례대표', '후보', '당선', '이', '후보', '비례대표', '로만', '재선', '총선', '국민의당', '소속', '광주', '광산', '당선', '권', '후보', '비례대표', '여의도', '재', '입성', '홍인', '택', '기자', '네이버', '한국', '일보', '뉴스', '뉴잼', '뉴스', '뉴스레터', '구독', '한국', '일보', '바로가기']",0
"['안철수', '국민의당', '대표', '서울', '마포구', '서울시', '당사', '마련', '제', '국회의원선거', '개표', '황실', '출구조사', '결과', '관련', '입장', '사진', '뉴스', '파이낸셜뉴스', '안철수', '국민의당', '대표', '총선', '결과', '의', '석수', '석', '것', '예상', '결과', '대해', '민심', '곧', '심', '라며', '국민', '선택', '결정', '겸허', '전', '안', '대표', '날', '오전', '기자', '입장', '문', '통해', '망국', '이념', '진영', '정치', '극복', '실용', '중도정치', '정착', '우리', '사회', '문제', '해결', '합리', '개혁', '추진', '저희', '진정', '더', '자세', '국민', '삶', '현장', '말', '행동', '언행', '일치', '정치', '꼭', '실천', '약속', '저희', '국민의당', '더욱', '노력', '변화', '국민', '마음속', '항상', '것', '라며', '성원', '국민', '여러분', '진심', '머리', '감사', '이번', '총선', '지역구', '후보자', '비례대표', '의원', '후보자', '공천', '국민의당', '정당', '투표', '표', '득표율', '를', '비례대표', '석', '중', '석', '확보', '데', '비례', '순번', '번', '최연', '숙', '후보', '번', '이태규', '후보', '번', '권은희', '후보', '국회', '입성', '선거', '전', '국민의당', '개', '이상', '의석', '확보', '목표', '한편', '국민의당', '석', '안', '대표', '향후', '거취', '대해', '서도', '관심', '그동안', '안철수', '의원', '이동섭', '김삼', '김', '김수민', '문병호', '등', '낙선', '대권', '행보', '불', '석', '미만', '군소', '정당', '거대', '당', '사이', '캐스팅', '보트', '역할', '법안', '발의', '명', '이상', '찬성', '필요', '상황', '이', '일각', '안', '대표', '미래', '통합', '연대', '통합', '통한', '보수', '진영', '대권', '주자', '수', '관측', '실제', '총선', '하루', '전날', '고위', '공직자', '처', '처법', '위해', '통합', '수', '음', '시사', '김민기', '기자', '리나', '스토리', '뉴스', '헉스', '척', '당신', '위', '두유노', '저작권', '파이낸셜뉴스', '무단', '전', '배포', '금지']",0
"['대구', '일대', '승인', '방문', '가능', '병사', '확', '진자', '명', '중', '명', '완치', '발열', '검사', '미군', '연합뉴스', '자료', '사진', '서울', '연합뉴스', '김', '최평', '기자', '미군', '신종', '코로나바이러스', '감염증', '코로나', '확', '진자', '중', '명', '완치', '미군', '사령부', '코로나', '확진', '판정', '첫', '미군', '병사', '확', '진자', '완치', '판정', '이', '병사', '포함', '명의', '미국', '한국', '국적', '미군', '관련', '완치', '미군', '명의', '확', '진자', '이중', '병사', '명', '첫', '확진', '병사', '감염', '진단', '이후', '동안', '격리', '완치', '현재', '캠프', '캐럴', '밖', '숙소', '근무', '복귀', '결정', '것', '해당', '병사', '발열', '등', '이상', '증상', '진단', '검사', '번', '연속', '음성', '판정', '로버트', '에이브', '럼스', '미군', '사령관', '코로나', '관련', '대구', '일대', '장병', '출입', '구역', '해제', '미군', '페이스북', '통해', '미군', '사령관', '대구', '일대', '장병', '출입', '구역', '핫스팟', '해제', '고', '선언', '에이브', '럼스', '사령관', '이', '조치', '전날', '오후', '발효', '미군', '설명', '미군', '나머지', '핫스팟', '지정', '지역', '공중', '보건', '방호', '태세', '이동', '제한', '조치', '적용', '전', '미군', '주로', '코로나', '확', '진자', '지역', '핫스팟', '지정', '특별', '관리', '지역', '뜻', '핫스팟', '지정', '지휘', '관', '승인', '해당', '지역', '이동', '제한', '이번', '해제', '대구', '미군기지', '다른', '지역', '근무', '미군', '장병', '지휘', '관', '승인', '대구', '시내', '지역', '방문', '수', '미군', '측은', '지난', '대구', '경북', '지역', '코로나', '확', '진자', '급증', '의', '위험', '단계', '낮음', '중간', '높이', '핫스팟', '지정', '이후', '한반도', '전역', '위험', '단계', '음으로', '격상', '유지', '대구시', '중앙', '방역', '대책', '본부', '기준', '코로나', '대구', '환자', '전날', '명', '명', '대구', '신규', '확', '진자', '지난', '명', '기록', '데', '엿새', '자릿수', '미군', '측은', '대구', '흐름', '고려', '출입', '구역', '해제', '것', '관측', '미군', '수준', '준비', '태세', '유지', '예방', '조치', '시행', '대한민국', '위협', '적', '보호', '위해', '연합', '방위', '태세', '유지', '중이', '말', '코로나', '속보', '네이버', '연합뉴스', '구독', '클릭', '팩트', '체크', '네트워크', '코로나', '전파', '제보']",0
"['핫스팟', '해제', '지휘', '관', '승인', '방문', '가능', '및', '사회', '거리', '두기', '조치', '계속', '유지', '오전', '경북', '칠곡군', '왜관읍', '캠프', '캐럴', '미군기지', '출입문', '마스크', '미군', '병사', '보안요원', '기지', '내부', '차량', '출입', '통제', '최근', '대구', '경북', '근무', '미군', '배우자', '등', '신종', '코로나바이러스', '감염증', '코로나', '확진', '판정', '미군', '지난달', '한반도', '전체', '대한', '위기', '단계', '음으로', '유지', '뉴스', '공정식', '기자', '서울', '뉴스', '배상', '기자', '미군', '사령부', '대구', '지역', '신종', '코로나바이러스', '감염증', '코로나', '특별', '관리', '대상', '핫스팟', '외한', '고', '지난', '대구', '캠프', '워커', '미군', '첫', '확', '진자', '대구', '지역', '핫스팟', '지정', '이후', '약', '미군', '사령부', '날', '페이스북', '통해', '오후', '기해', '대구', '지역', '핫스팟', '지역', '해제', '고', '핫스팟', '코로나', '확', '진자', '특별', '관리', '지역', '뜻', '핫스팟', '지정', '지휘', '관', '승인', '해당', '지역', '이동', '제한', '천안시', '지난달', '핫스팟', '제외', '이번', '해제', '대구', '미군기지', '다른', '지역', '근무', '미군', '장병', '지휘', '관', '승인', '대구', '지역', '방문', '수', '이번', '조치', '대구', '내', '코로나', '추가', '확', '진자', '수가', '지난', '명', '기록', '데', '엿새', '자릿수', '등', '확산', '세', '풀', '상황', '반영', '것', '대구시', '중앙', '방역', '대책', '본부', '기준', '코로나', '대구', '환자', '전날', '명', '명', '기록', '다만', '미군', '사령부', '대구', '시', '당국', '미군', '사령부', '제', '의', '노고', '결과', '라면', '더', '이상', '구체', '해제', '배경', '설명', '미군', '대구', '경북', '지역', '코로나', '확', '진자', '급증', '함', '지난', '공중보건', '방호', '태세', '위험', '단계', '낮음', '중간', '이후', '달', '한반도', '전역', '위험', '단계', '음으로', '격상', '유지', '중이', '미군', '이번', '핫스팟', '해제', '대구', '일대', '현재', '과', '사회', '거리', '두기', '조치', '계속', '적용', '미군', '현재', '두번째', '단계', '찰리', '격상', '캠프', '험프리', '스', '평택', '미군기지', '한해', '단계', '더', '찰리', '플러스', '발령', '이', '미군', '장병', '대규모', '모임', '등', '제한', '캠프', '험프리', '스', '장병', '종교시설', '세탁소', '이발소', '클럽', '영화관', '등', '출입', '금지', '네이버', '메인', '뉴스', '구독', '총선', '관련', '뉴스', '크립', '토', '허브', '뉴스', '코리아', '무단', '재', '및', '재', '배포', '금지']",0
"['미군', '관련', '확', '진자', '중', '총', '명', '완치', '이데일리', '김관용', '기자', '미군', '장병', '중', '코로나', '확진', '판정', '명', '중', '명', '완치', '판정', '미군', '사령부', '지난', '월', '일', '코로나', '확진', '판정', '첫', '미군', '병사', '군의관', '완치', '판정', '며', '이', '장병', '코로나', '확진', '판정', '이후', '일', '동안', '격리', '상태', '고', '경북', '칠곡', '위치', '캠프', '캐롤', '근무', '그', '현재', '근무', '복귀', '명령', '미군', '측은', '이', '미군', '이상', '증상', '해열제', '복용', '발열', '증상', '며', '간격', '진행', '진단', '검사', '두', '번', '연속', '음성', '판정', '고', '설명', '현재', '이', '장병', '포함', '명의', '미군', '가족', '군무원', '한국인', '근로자', '완치', '판정', '미군', '측은', '코로나', '양성', '판정', '미군', '장병', '단', '명', '라며', '군', '방호', '위', '예방', '조치', '시행', '대한민국', '위협', '적', '보호', '위해', '방위', '태세', '유지', '고', '대구', '캠프', '워커', '미군기지', '출입문', '전경', '사진', '연합뉴스', '김관용', '네이버', '이데일리', '구독', '청춘', '뉘', '우스', '스냅', '타임', '종합', '경제', '정보', '미디어', '이데일리', '무단', '재', '재', '배포', '금지']",0
"['이데일리', '김관용', '기자', '미군', '코로나', '확산', '방지', '위해', '대구', '지역', '대한', '장병', '출입', '금지', '조치', '해제', '미군', '로버트', '에이브', '럼스', '미군', '사령관', '코로나', '관련', '대구', '일대', '대한', '장병', '출입', '제한', '구역', '해제', '선언', '이', '조치', '오후', '발효', '미군', '측은', '지난', '대구', '경북', '지역', '코로나', '확', '진자', '급증', '공중', '보건', '방호', '태세', '위험', '단계', '중간', '높이', '핫스팟', '지정', '한반도', '전역', '위험', '단계', '격상', '유지', '이번', '조치', '대구', '미군기지', '다른', '지역', '근무', '미군', '장병', '지휘', '관', '승인', '대구', '지역', '부대', '시내', '등', '방문', '수', '대구', '지역', '외', '나머지', '핫스팟', '지정', '지역', '이동', '제한', '조치', '적용', '이번', '미군', '측', '조치', '대구', '지역', '코로나', '사태', '진정', '국면', '데', '것', '기준', '코로나', '대구', '환자', '전날', '명', '명', '대구', '신규', '확', '진자', '지난', '명', '기록', '데', '엿새', '자릿수', '대구', '캠프', '워커', '미군기지', '출입문', '전경', '사진', '연합뉴스', '김관용', '네이버', '이데일리', '구독', '청춘', '뉘', '우스', '스냅', '타임', '종합', '경제', '정보', '미디어', '이데일리', '무단', '재', '재', '배포', '금지']",0
"['의사', '봉', '정세균', '총리', '사진', '연합뉴스', '정세균', '국무총리', '오늘', '긴급', '재난', '원금', '지원', '대상', '금액', '대해', '여러', '의견', '지금', '하루', '원금', '지급', '국민', '시기', '정', '총리', '날', '정부', '세종', '청사', '신종', '코로나바이러스', '감염증', '코로나', '대응', '긴급', '재난', '원금', '지급', '위', '차', '추가경정예산', '추경안', '심의', '의결', '위해', '주재', '임시', '국무회의', '말', '국회', '조속', '추경안', '처리', '요청', '정부', '코로나', '로', '어려움', '소득', '하위', '이하', '가구', '최대', '긴급', '재난', '원금', '지급', '위해', '규모', '추경안', '편성', '날', '임시', '국무회의', '의결', '후', '국회', '제출', '합', '다정', '총리', '조속', '긴급', '재난', '원금', '지급', '방침', '관련', '이', '점', '모두', '뜻', '것', '라며', '긴급', '재난', '원금', '이름', '취지', '걸', '적기', '집행', '수', '국회', '지혜', '추경안', '조속', '처리', '당부', '정', '총리', '이번', '추경안', '편성', '배경', '대해', '선', '코로나', '의', '충격', '우리', '경제', '어려움', '가중', '수', '위축', '상공', '자영', '업자', '폐업', '위기', '처', '기업', '피해', '구조조정', '휴업', '등', '소득', '급감', '근로자', '생계', '위태롭다', '설명', '정', '총리', '정부', '유례', '위기', '극복', '위해', '사상', '처음', '긴급', '재난', '원금', '지급', '위', '추경', '재원', '국민', '부담', '국가채무', '기존', '예산', '감액', '조정', '등', '통해', '마련', '부연', '국기', '경례', '정세균', '총리와', '국무위원', '사진', '연합뉴스', '정', '총리', '원금', '애', '국민', '기존', '방식', '과', '감히', '탈피', '집행', '속도', '수', '특단', '방안', '강', '해달', '내각', '주문', '정', '총리', '긴급', '재난', '지원', '금은', '중앙정부', '지자체', '협력', '행정안전부', '등', '추경안', '국회', '통과', '즉시', '원금', '지급', '수', '지자체', '집행', '준비', '하라', '지시', '정', '총리', '정부', '우리', '경제', '코로나', '로', '어려움', '수', '총력', '약속', '주체', '고통', '분담', '위기', '극복', '힘', '달라', '역설', '한편', '정부', '날', '회의', '차', '추경안', '관련', '기금', '운용', '계획', '안', '등', '일반', '안건', '건', '의결', '온라인', '뉴스', '팀', '네이버', '메인', '뉴스', '무료', '고화질', '온에어', '서비스', '무단', '재', '및', '재', '배포', '금지']",0
"['정부', '신종', '코로나바이러스', '감염증', '코로나', '긴급', '재난', '원금', '지급', '위', '규모', '차', '추가경정예산', '추경안', '편성', '정부', '오전', '정부', '세종', '청사', '정세균', '국무총리', '주재', '임시', '국무회의', '제', '추경안', '심의', '의결', '지난달', '규모', '슈퍼', '추경', '이', '국회', '통과', '달도', '마련', '차', '추경안', '한해', '차례', '추경', '편성', '것', '이후', '만이', '차', '추경', '소득', '하위', '이하', '가구', '긴급', '재난', '원금', '지급', '위', '포인트', '방식', '편성', '재원', '재정', '건전성', '악화', '우려', '적자', '국채', '발행', '전액', '출감', '액', '및', '기금', '탁', '예수금', '조정', '등', '조달', '방침', '긴급', '재난', '지원', '금은', '기준', '주민등록', '법', '거주', '중', '대별', '주민등록', '표', '등재', '가구', '기준', '올해', '본인', '부담', '건강', '보험료', '납부', '액', '선정', '기준', '소득', '하위', '가구', '지원', '대상', '본인', '부담', '건강', '보험료', '인', '가구', '약', '인', '인', '인', '이하', '수', '정치권', '전', '국민', '대상', '지급', '요구', '등', '정부', '소득', '하위', '가구', '지급', '기존', '입장', '고수', '차', '추경안', '편성', '다정', '총리', '긴급', '재난', '원금', '대상', '금액', '등', '대해', '여러', '의견', '것', '알', '지금', '하루', '원금', '지급', '국민', '이', '시기', '며', '이', '점', '모두', '뜻', '생각', '고', '국회', '조속', '처리', '요청', '정부', '추경안', '날', '오후', '국회', '제출', '예정', '문재인', '정권', '추경', '편성', '이번', '차', '추경', '포함', '총', '번', '박태', '동아닷컴', '기자', '네이버', '동아일보', '채널', '구독', '집', '볼', '때', '메모장', '집', '보장', '동아일보', '무단', '재', '및', '재', '배포', '금지']",0
"['후임', '금통위', '조윤제', '영경', '주상영', '고승', '범', '금통위', '출범', '후', '첫', '임현', '정권', '거물', '실세', '조', '전', '대사', '차관', '금통위', '주목', '위원', '명', '중', '명', '교체', '금통위', '행보', '변화', '관심', '임기', '만료', '금융통화위원회', '위원', '후임', '후보', '결정', '당초', '말로', '예상', '한국은행', '금통위', '인선', '총선', '때', '지연', '총선', '다음', '날', '발표', '여당', '총선', '압승', '후임', '금통위', '추천', '후보', '중', '친', '정부', '인사', '포함', '앞', '은', '통화정책', '방향', '정부', '정책', '연관', '강화', '것', '전망', '은', '조윤제', '전', '미대', '사', '영경', '상공회의소', '성장', '이니셔티브', '원장', '주상영', '건국대', '경제학', '교수', '후임', '금통위', '추천', '현재', '명인', '금통위', '직인', '한국은행', '총재', '부', '총재', '기획재정부', '장관', '금융', '위원장', '상공회의소', '회장', '전국', '은행', '연합', '회장', '명', '추천', '대통령', '임명', '승범', '현', '금통위', '이주열', '은', '총재', '추천', '은법', '은', '금융위', '추천', '금통위', '이번', '임기', '상의', '기재부', '추천', '금통위', '임기', '그대로', '유지', '지난', '금통위', '일해', '온', '고승', '범', '현', '금통위', '현', '임지원', '금통위', '마찬가지', '파적', '분류', '금융', '관계자', '금통위', '자리', '파적', '인사', '경우', '기준금리', '인하', '가능성', '더', '수', '것', '후보', '다시', '추천', '고', '위원', '임', '은법', '개정', '금통위', '상근직', '변경', '이후', '임', '첫', '사례', '이번', '선임', '금통위', '원', '중', '기획재정부', '추천', '조윤제', '후보', '관심', '조', '위원', '지난', '대통령선거', '당시', '문재인', '후보', '싱크탱크', '정책', '공간', '국민성', '소장', '문재인', '대통령', '정책', '철학', '기여', '인물', '국제통화기금', '분석관', '그', '서강대', '국제', '대학원', '명예', '교수', '조', '위원', '지난', '이주열', '은', '총재', '임', '당시', '경쟁자', '거론', '기도', '총재', '금통위', '문', '대통령', '경제', '가정교사', '불리', '장관', '미국', '대사', '역임', '이번', '정부', '중앙은행', '정책', '공조', '역할', '관측', '후보', '추천', '은', '출신', '영경', '위원', '은', '역사상', '첫', '여성', '부', '총재', '보', '인물', '위원', '금통위', '입성', '현재', '금통위', '원인', '임지원', '위원', '여성', '명인', '금통위', '구성', '원장', '은', '부', '총재', '보직', '퇴임', '후', '고려대', '후학', '양성', '상회', '원장', '일', '또', '다른', '추천', '후보', '주상영', '위원', '대외', '경제정책', '연구원', '위원', '기재부', '중장', '전략', '위원회', '위원', '활동', '한편', '정부', '소통', '여부', '방점', '후임', '금통위', '추천', '신종', '코로나바이러스', '감염증', '코로나', '상황', '은', '역할', '론', '힘', '가능성', '추가', '임시', '금통위', '개최', '여부', '주목', '역대', '임시', '금통위', '테러', '직후', '금융위기', '코로나', '사태', '세', '차례', '심화영', '기자', '고승', '범', '금융통화위원회', '위원', '조윤제', '서강대', '학교', '국제', '대학원', '명예', '교수', '영경', '상공회의소', '성장', '이니셔티브', '원장', '주상영', '건국', '대학교', '경제학', '교수', '디지털타임스', '채널', '구독', '뉴스스탠드', '구독', '디지털타임스', '홈페이지', '바로가기']",1
"['고향', '은맨', '효과', '유동성', '정책', '고민', '것', '영경', '상공회의소', '원장', '서울', '중구', '상의', '우리', '경제', '이제', '다시', '보아', '컨퍼런스', '발표', '뉴스', '경', '기자', '서울', '뉴스', '민정혜', '기자', '영경', '신임', '한국은행', '금융통화위원회', '위원', '후보자', '뉴스', '통화', '상공회의소', '산업', '가까이', '경험', '때문', '금통위', '경제', '이슈', '시각', '볼', '수', '것', '라며', '통화정책', '때', '금융', '실물', '경제', '양', '균형', '수', '노력', '것', '말', '후보자', '임기', '신인', '석', '금통위', '후임', '상의', '추천', '인물', '그', '지난', '은', '창립', '첫', '여성', '임원', '부', '총재', '보', '정통', '은맨', '상의', '성장', '이니셔티브', '원장', '은', '경제', '연구원', '국제경제', '연구실', '연구실', '국제', '국', '국제', '연구', '팀', '팀', '금융시장', '부', '부장', '등', '일', '실무', '경험', '부', '총재', '보', '후보자', '지금', '상황', '매파', '비둘기', '의미', '어찌', '비둘기', '수', '시기', '말', '그', '구분', '전례', '통화정책', '시장', '전달', '경제', '회복', '도움', '유동성', '지원이', '효과', '그', '과정', '고민', '나가야', '강조', '그', '은', '첫', '여성', '타이틀', '쥐', '그', '이번', '금통위', '합류', '사상', '처음', '금통위', '내', '여성', '위원', '두', '명', '현재', '여성', '임지원', '금통위', '후보자', '후배', '능력', '태도', '면', '자신감', '선배', '로서', '길', '가면', '후배', '직장', '생활', '수', '것', '말', '다만', '그', '여성', '강조', '건', '측면', '여성', '등용', '건', '사회', '흐름', '다른', '중앙은행', '이사회', '멤버', '중', '일정', '비율', '여성', '며', '앞', '분위기', '말', '그', '금통위', '추천', '소감', '질문', '은', '다시', '마음', '경제', '워낙', '책임감', '어깨', '무거워', '부담', '게', '사실', '답', '후보자', '금통위', '재임', '그', '창문', '자고', '졸업', '후', '서울대', '경제학', '이후', '미국', '조지', '워싱턴', '경제학', '석사', '박사', '학위', '네이버', '메인', '뉴스', '구독', '총선', '관련', '뉴스', '해', '피펫', '뉴스', '코리아', '무단', '재', '및', '재', '배포', '금지']",1
"['신임', '금통위', '후보', '조윤제', '고승', '범', '주상영', '영경', '친', '정부', '인사', '포진', '소주', '통화정책', '영향', '주목', '향후', '우리나라', '통화정책', '한국은행', '금융통화위원회', '새', '진용', '조윤제', '전', '미대', '사', '주상영', '건국대', '경제학', '교수', '영경', '상공회의소', '성장', '이니셔티브', '원장', '신임', '금통위', '추천', '고승', '범', '위원', '임', '결정', '새', '금통위', '주요', '특징', '친', '정부', '총재', '서울', '요약', '명', '모두', '서울대', '출신', '문재인', '정부', '소득', '도성', '론', '소주', '주축', '주상영', '교수', '문', '대통령', '과외', '교사', '출신', '조윤제', '전', '미대', '친', '정부', '인사', '조', '전', '대사', '은', '총재', '후보', '도', '두', '차례', '거론', '거물', '인사', '금통위', '내', '이주열', '총재', '어깨', '견줄', '영향력', '행사', '것', '왼쪽', '조윤제', '전', '대사', '고승', '범', '금통위', '주상영', '건국대', '경제학', '교수', '영경', '상공회의소', '성장', '이니셔티브', '원장', '은', '제공', '친', '정부', '금통위', '현실', '은', '발표', '신임', '금통위', '명단', '친', '정부', '인사', '다수', '포진', '국민', '경제', '자문', '위원회', '거시경제', '과장', '주상영', '교수', '경제학', '대표', '성론', '금융', '위원회', '몫', '금통위', '추천', '주', '교수', '언론', '매체', '기고', '각종', '학술', '행사', '현', '정부', '소주', '정책', '옹호', '주장', '지난해', '경제학', '소주', '이론', '방이', '때', '그', '소주', '정책', '노동', '정책', '치중', '한계', '지적', '사회', '경제', '전반', '확장', '의견', '제기', '소득', '도성', '취지', '정책', '제시', '중도', '개혁', '지향', '경제정책', '외연', '확장', '필요', '조', '전', '대사', '역시', '대표', '친', '정부', '인사', '분류', '수', '문재인', '대통령', '대선', '후보', '때', '경제', '과외', '교사', '역할', '현', '정부', '경제정책', '전반', '기틀', '제공', '평가', '금통위', '후보', '발표', '조', '전', '대사', '기획재정부', '몫', '후보', '추천', '것', '관측', '그', '현재', '서강대', '국제', '대학원', '교수', '재직', '중이', '은', '고승', '범', '위원', '임', '배경', '대해', '서도', '정부', '소통', '강조', '금융위', '금융정책', '국장', '사무', '청장', '상임', '위원', '역임', '정책', '대한', '이해', '평가', '은', '코로나', '극복', '위해', '은', '정부', '정책', '협조', '때', '상황', '재정', '금융정책', '대한', '이해', '통화정책', '정책', '조합', '도출', '데', '도움', '것', '총재', '금통위', '조윤제', '영향력', '주목', '인', '모두', '서울대', '공통점', '도조', '전', '대사', '금통위', '금통위', '역학', '구도', '것', '분석', '그', '이주열', '총재', '임', '전', '은', '총재', '후보', '거론', '현', '정부', '초창', '기', '경제부총리', '후보', '도', '물망', '과거', '노무현', '정부', '시절', '청와대', '보좌', '관', '세계', '은행', '국제통화기금', '근무', '국제', '기구', '출신', '전문성', '평가', '금통위', '금통위', '인의', '협의', '체', '이주열', '총재', '입김', '작용', '구조', '총재', '부', '총재', '연직', '위원', '총재', '결정', '사실', '인의', '몫', '때문', '은', '소속', '연직', '위원', '성향', '매파', '통화', '긴축', '성향', '임기', '임지원', '위원', '또한', '매파', '분류', '상황', '중량', '감', '조', '전', '대사', '결정', '영향', '적지', '것', '날', '공개', '금통위', '후보', '인', '모두', '서울대', '출신', '공통점', '조', '전', '대사', '서울대', '무역', '학과', '주', '교수', '고', '위원', '영경', '원장', '서울대', '경제학', '졸업', '임', '위원', '역시', '서울대', '영문학', '출신', '선출', '직', '금통위', '인', '전원', '서울대', '출신', '당초', '인', '번', '상황', '만큼', '최소', '명', '비', '서울대', '출신', '일', '것', '추측', '임', '기자', '네이버', '메인', '조선', '비즈', '보기', '조선', '비즈', '바로가기']",1
"['달', '만료', '금통위', '명', '중', '명', '교체', '조윤제', '주상영', '영경', '추천', '고승', '범', '위원', '임', '왼쪽', '조윤제', '전', '미대', '사', '영경', '상공회의소', '성장', '이니셔티브', '원장', '주상영', '건국대', '경제학', '교수', '사진', '연합뉴스', '명의', '한국은행', '금융', '통화', '위원', '가운데', '명의', '위원', '추천', '현', '정부', '신뢰', '조윤제', '전', '미대', '소득', '주도', '성장', '론', '주상영', '교수', '추천', '향후', '통화정책', '방향', '영향', '주목', '한국은행', '달', '임기', '만료', '한국은행', '금융', '통화', '위원', '후임', '조윤제', '전', '미대', '사', '영경', '상공회의소', '성장', '이니셔티브', '원장', '주상영', '건국대', '경제학', '교수', '추천', '차관', '금통위', '원', '기준금리', '결정', '공개시장', '운영', '등', '통화', '신용', '정책', '심의', '의결', '업무', '임기', '보장', '연봉', '국회', '인사청문회', '대상', '경제', '및', '금융', '인사', '선호', '자리', '현재', '명인', '금통위', '직인', '한국은행', '총재', '부', '총재', '기획재정부', '장관', '금융', '위원장', '상공회의소', '회장', '전국', '은행', '연합', '회장', '명', '추천', '대통령', '임명', '기획재정부', '조', '전', '대사', '금융위', '주', '교수', '상의', '원장', '후임', '추천', '은', '현직', '고승', '범', '금통위', '재', '추천', '금통위', '출범', '후', '첫', '임', '사례', '조', '전', '대사', '총재', '금통위', '말', '정도', '거물', '인사', '이주열', '은', '총재', '임', '당시', '총재', '후보', '거론', '이', '총재', '나이', '노무현', '정부', '때', '대통령', '비서실', '보좌', '관', '조', '전', '대사', '문재인', '대통령', '경제', '가정교사', '대통령', '각별', '관계', '현', '정부', '출범', '직후', '장관', '예우', '미대', '사', '역할', '이', '일각', '조', '전', '대사', '금통위', '입성', '정부', '입김', '통화정책', '영향', '수', '전망', '현재', '국민', '경제', '자문', '회의', '거시경제', '과장', '주', '교수', '대표', '소득', '주도', '성장', '론', '소득', '주도', '성장', '이하', '주성은', '문재인', '정부', '간판', '정책', '다만', '그', '소득', '도성', '지지', '점', '보완', '주장', '합리', '평가', '다주', '교수', '지난해', '심포지엄', '참석', '소주', '정책', '위', '더', '적극', '구체', '전략', '사회', '경제', '전반', '구조', '개혁', '정책', '동시', '진행', '특정', '학파', '이론', '인식', '가능성', '지적', '또', '최근', '문재인', '정부', '정책', '비판', '노동', '정책', '치중', '소득', '도성', '취지', '정책', '제시', '필요', '중도', '개혁', '지향', '경제정책', '외연', '확장', '필요', '강조', '한편', '원장', '은', '최초', '여성', '부', '총재', '보', '출신', '상의', '원장', '역임', '은', '국제', '국', '국제', '팀', '금융시장', '부장', '등', '원장', '선임', '모건', '출신', '임', '위원', '명의', '여성', '금통위', '자리', '채', '선희', '한경닷컴', '기자', '네이버', '한국', '경제', '뉴스', '한경닷컴', '바로가기', '모바일', '한경', '구독', '신청', '한국', '경제', '무단', '재', '및', '재', '배포', '금지']",1
"['박재현', '한국', '수자원공사', '사장', '가운데', '대전', '수자원공사', '본사', '화성', '국제', '테마', '파크', '사업', '협약', '체결', '임영록', '신세계', '프라', '퍼티', '대표', '왼쪽', '및', '윤명규', '신세계', '건설', '대표', '오른쪽', '기념', '촬영', '수자원공사', '제공', '파이낸셜뉴스', '한국판', '디즈니랜드', '대체', '신세계', '국제', '테마', '파크', '화성', '전망', '국토교통부', '한국', '수자원공사', '신세계', '프라', '퍼티', '컨소시엄', '신세계', '프라', '퍼티', '신세계', '건설', '간', '화성', '국제', '테마', '파크', '조성', '사업', '계약', '체결', '이번', '협약', '작년', '국토교통부', '개발', '계획', '변경', '승인', '후', '추진', '여', '년', '전', '한국판', '디즈니랜드', '유니', '버셜', '스튜디오', '등', '각종', '글로벌', '테마', '파크', '추진', '안이', '진행', '사업자', '선정', '과정', '사업', '협약', '단계', '무산', '이마트', '자회사', '신세계', '프라', '퍼티', '화성시', '송산', '그린', '시티', '내', '부지', '사업', '비', '약', '투자', '복합', '테마', '파크', '조성', '용지', '규모', '여의도', '쥬', '월드', '등', '네가지', '컨셉', '놀이', '공원', '공룡', '알', '화석', '실', '규모', '호텔', '쇼핑', '공간', '등', '차', '개장', '시작', '완전', '개장', '목표', '사업', '협약', '체결', '국토부', '연내', '실시', '계획', '변경', '한국', '수자원공사', '토지', '공급', '계약', '완료', '계획', '신세계', '지자체', '인', '허가', '내년', '말', '공사', '착공', '계획', '박재현', '한국', '수자원공사', '사장', '지역', '사회', '숙원', '사업', '화성', '국제', '테마', '파크', '사업', '첫', '발', '며', '국가', '관광', '레저', '산업', '축', '담당', '성장동력', '자리', '잡', '수', '적극', '역할', '고', '전', '국토부', '하대성', '국토', '정책', '관', '사업', '궤도', '코로나', '로', '침체', '지역', '및', '국가', '경제', '활성화', '크게', '기여', '수', '것', '강조', '박소연', '기자', '리나', '스토리', '뉴스', '헉스', '척', '당신', '위', '두유노', '저작권', '파이낸셜뉴스', '무단', '전', '배포', '금지']",1
"['화성', '국제', '테마', '파크', '조감도', '지난', '동안', '번번이', '무산', '화성', '국제', '테마', '파크', '사업', '궤도', '국토교통부', '한국', '수자원공사', '신세계', '프라', '퍼티', '컨소시엄', '사업', '협약', '체결', '화성', '국제', '테마', '파크', '사업', '년', '전', '추진', '사업자', '선정', '과정', '사업', '협약', '단계', '무산', '사업', '화성시', '남양', '읍', '신', '호리', '일원', '약', '복합', '리조트', '테마', '파크', '조성하', '사업', '테마', '파크', '쥬', '월드', '등', '놀이', '공원', '호텔', '등', '복합', '시설', '단계', '준공', '완공', '목표', '협약', '체결', '국토부', '올해', '실시', '계획', '변경', '한국', '수자원공사', '연말', '토지', '공급', '계약', '완료', '계획', '사업자', '지자체', '관광', '단지', '및', '유원지', '지정', '등', '인', '허가', '내년', '말', '공사', '착공', '이번', '협약', '체결', '사업자', '지위', '신세계', '프라', '퍼티', '컨소시엄', '별도', '법인', '설립', '사업', '착수', '다사', '업자', '쥬', '월드', '등', '네가지', '컨셉', '놀이', '공원', '공룡', '알', '화석', '시화호', '등', '주변', '경관', '활용', '테마', '파크', '실', '규모', '호텔', '쇼핑', '공간', '등', '체류', '복합', '시설', '테마', '파크', '근로자', '등', '정주', '여건', '확보', '및', '편의', '제공', '위', '공동', '주택', '공공시설', '등', '총', '면적', '약', '투자', '계획', '사업자', '테마', '파크', '조성', '직접', '고용', '명', '고용', '유발', '효과', '방문객', '연', '경제', '효과', '등', '예상', '박재현', '한국', '수자원공사', '사장', '지역', '사회', '숙원', '사업', '화성', '국제', '테마', '파크', '사업', '첫', '발', '라며', '국가', '관광', '레저', '산업', '축', '담당', '성장동력', '자리', '잡', '수', '적극', '역할', '고', '말', '하대성', '국토부', '국토', '정책', '관', '지난', '여', '년', '정체', '사업', '궤도', '코로나', '로', '침체', '지역', '및', '국가', '경제', '활성화', '기여', '것', '보', '경기', '네이버', '홈', '전자신문', '구독', '전자신문', '바로가기', '전자신문', '전자신문', '인터넷', '무단', '재', '및', '재', '배포', '금지']",1
"['수자원', '신세계', '사업', '협약', '체결', '송산', '그린', '시티', '동측', '어드벤처', '월드', '리조트', '등', '조성', '투입', '완공', '국제', '테마', '파크', '시도', '한경', '여', '년', '표류', '화성', '국제', '테마', '파크', '사업', '본격', '추진', '국토교통부', '한국', '수자원공사', '신세계', '프라', '퍼티', '컨소시엄', '화성', '국제', '테마', '파크', '사업', '관련', '사업', '협약', '체결', '사업', '협약', '체결', '국토부', '올해', '중', '실시', '계획', '변경', '수자원공사', '연말', '토지', '공급', '계약', '완료', '계획', '신세계', '컨소시엄', '관광', '단지', '지정', '및', '조성', '계획', '승인', '등', '인', '허가', '내년', '부지', '조성', '공사', '계획', '화성', '국제', '테마', '파크', '조감도', '화성시', '화성', '국제', '테마', '파크', '시화호', '간척지', '개발', '화성', '송산', '그린', '시티', '내', '동측', '용지', '화성시', '남양', '읍', '신', '호리', '일대', '복합', '리조트', '테마', '파크', '조성하', '사업', '용지', '규모', '약', '여의도', '약', '배', '달', '세계', '테마', '파크', '유니버설', '스튜디오', '코리아', '건설', '계획', '발표', '시작', '재정', '어려움', '등', '이유', '두', '차례', '사업', '추진', '포기', '무산', '이후', '사업', '부지', '소유자', '수자원공사', '사업자', '선정', '공모', '해', '다시', '사업', '추진', '사업자', '공모', '등', '날', '사업', '협약', '체결', '렀다', '사업', '신세계', '부동산', '개발', '사인', '신세계', '프라', '퍼티', '필', '로', '투자', '계획', '내년', '공사', '시작', '단계', '어드벤처', '월드', '워터파크', '스타', '필드', '쇼핑몰', '호텔', '골프장', '건설', '마무리', '다른', '시설', '완공', '계획', '협약', '체결', '사업자', '지위', '신세계', '컨소시엄', '별도', '법인', '설립', '본격', '사업', '착수', '개발', '구상', '안', '화성', '국제', '테마', '파크', '최첨단', '정보통', '기술', '접목', '놀이기구', '중심', '어드벤처', '월드', '가족', '사계절', '수', '휴양', '워터파크', '퍼시픽', '오딧세이', '인근', '공룡', '알', '화석', '계', '공룡', '테마', '쥬라기', '월드', '장난감', '캐릭터', '키즈', '파크', '브릭', '토이', '킹덤', '등', '네', '가지', '콘셉트', '구성', '여기', '호텔', '전문', '쇼핑몰', '골프장', '등', '세계', '수준', '복합', '리조트', '테마', '파크', '조성', '예정', '신세계', '컨소시엄', '테마', '파크', '조성', '직접', '고용', '명', '고용', '유발', '효과', '방문객', '연', '경제', '효과', '등', '효과', '발생', '것', '예상', '하대성', '국토부', '국토', '정책', '관', '지난', '년', '정체', '사업', '궤도', '신종', '코로나바이러스', '감염증', '코로나', '침체', '지역', '국가', '경제', '활성화', '크게', '기여', '수', '것', '관계', '기관', '협력', '세계', '주목', '랜드마크', '조성', '수', '최선', '말', '혜원', '한경닷컴', '기자', '네이버', '한국', '경제', '뉴스', '한경닷컴', '바로가기', '모바일', '한경', '구독', '신청', '한국', '경제', '무단', '재', '및', '재', '배포', '금지']",1
"['화성', '국제', '테마', '파크', '시도', '서울', '경제', '화성시', '지난', '두', '번의', '좌절', '국제', '테마', '파크', '꿈', '화성시', '한국', '수자원공사', '신세계', '프라', '퍼티', '컨소시엄', '화성', '국제', '테마', '파크', '사업', '협약', '체결', '이', '송산면', '일원', '규모', '화성', '국제', '테마', '파크', '조성', '이번', '협약', '지난', '사업', '추진', '이후', '최초', '협약', '우선', '협상', '대상자', '신세계', '프라', '퍼티', '컨소시엄', '사업', '시행', '자의', '지위', '토지', '공급', '계약', '관광', '단지', '지정', '인', '허가', '등', '본격', '사업', '착수', '수', '지난', '사업', '발', '화성', '국제', '테마', '파크', '이듬해', '글로벌', '금융위기', '중단', '이후', '사업자', '선정', '과정', '사업', '협약', '단계', '무산', '시민', '상처', '정부', '사업', '국책', '과제', '선정', '사업자', '공모', '상황', '급', '반전', '철모', '화성시', '초', '청와대', '재임', '시절', '국제', '테마', '파크', '정상화', '논의', '하나', '변곡점', '것', '화성시', '지난해', '신세계', '프라', '퍼티', '우선', '협상', '대상자', '선정', '동시', '경기도', '한국', '수자원공사', '송산', '그린', '시티', '개발', '계획', '변경', '신안산선', '테마', '파크', '역사', '확정', '등', '건의', '통해', '사업', '정상화', '화성시', '송산면', '일원', '조성', '이번', '화성', '국제', '테마', '파크', '어드벤처', '월드', '퍼시픽', '오딧세이', '쥬', '월드', '브릭', '토이', '킹덤', '등', '가지', '콘셉트', '테마', '파크', '규모', '호텔', '및', '쇼핑', '공간', '포함', '체류', '복합', '시설', '등', '화성', '국제', '테마', '파크', '관광', '단지', '지정', '및', '조성', '계획', '승인', '등', '인', '허가', '내', '착공', '예정', '차', '개장', '전체', '시설', '개장', '계획', '전체', '개장', '시', '연간', '방문객', '약', '유발', '효과', '명의', '직접', '고용', '비롯', '명의', '고용', '유발', '효과', '발생', '전망', '화성시', '이번', '사업', '추진', '별도', '법인', '관내', '직접', '고용', '인력', '이상', '화성', '시민', '고용', '등', '상생', '안', '협약', '안', '포함', '시장', '코로나', '로', '시민', '지역', '국가', '경제', '활', '불어', '수', '대규모', '민간', '투자', '유치', '사업', '성과', '알리', '매우', '며', '국제', '관광', '패러다임', '세계', '테마', '파크', '수', '인', '허가', '및', '행정', '지원', '최선', '노력', '고', '말', '윤종열', '기자', '서울', '경제', '바로가기', '네이버', '채널', '서울', '경제', '구독', '제', '국회의원', '선거', '우리', '동네', '일꾼', '저작권', '서울', '경제', '무단', '재', '및', '재', '배포', '금지']",1
"['강남', '마', '용성', '노도', '강도', '상승', '강북', '주', '도세', '절세', '매물', '증가', '강남', '아파트', '값', '개월', '낙폭', '최대', '서울', '연합뉴스', '미숙', '기자', '급매', '물이', '늘', '지역', '아파트', '값', '주', '연속', '하락', '아야', '양도소득세', '절세', '급매', '물이', '실', '거래', '가가', '데', '신종', '코로나바이러스', '감염증', '코로나', '영향', '매수', '세도', '위축', '영향', '한국', '감정', '조사', '기준', '서울', '아파트', '값', '지난주', '하락', '주', '연속', '양도소득세', '중과', '유예', '기간', '내', '절세', '급매', '물이', '시세', '이상', '거래', '지난주', '낙', '폭도', '잠실', '일대', '아파트', '모습', '연합뉴스', '자료', '사진', '강남', '구', '아파트', '값', '지난해', '말', '하락', '이후', '약', '개월', '가장', '폭', '하락', '강남구', '서초구', '아파트', '값', '지난주', '하락', '금주', '로', '낙폭', '확대', '송파구', '강동구', '각각', '하락', '폭', '송파구', '잠실', '공', '단지', '전용', '현재', '매물', '수십', '개', '거래', '강남구', '대치동', '은마', '아파트', '전용', '급', '매물도', '마포', '용산', '성동구', '등', '마', '용성', '지역', '아파트', '값', '하락', '데', '노', '도강', '노원', '도봉', '강북구', '은', '이번', '주', '일제', '상승세', '보합', '전환', '이', '지역', '약세', '강북', '개', '구', '아파트', '값', '지난해', '첫째', '주', '상승', '이후', '주', '처음', '하락', '전환', '노원구', '상계동', '중개업', '소', '대표', '코로나', '사태', '이후', '자취', '간혹', '시세', '급', '매물', '뿐', '거래', '거의', '강남', '강북', '집값', '하락', '시작', '만큼', '곳도', '약세', '것', '말', '주간', '아파트', '값', '변동', '률', '연합뉴스', '자료', '사진', '경기도', '지난주', '금주', '를', '기록', '주', '연속', '상승', '폭', '둔화', '수원', '과', '의왕', '구리', '안양', '등', '규제', '지역', '내', '아파트', '값', '오름', '폭', '성남', '분당구', '하남시', '고가', '단지', '위주', '가격', '하락', '인천', '지난주', '금주', '로', '상승', '폭', '가운데', '남동구', '송도', '마', '석간', '광역급행', '철도노선', '신설', '호재', '구월', '간석동', '새', '아파트', '중심', '강세', '지방', '세종', '과', '대전', '이', '상승', '지난주', '하락', '울산', '금주', '상승', '전환', '셋값', '비수', '대체로', '안정', '서울', '경기도', '셋값', '지난주', '오름', '폭', '다소', '둔화', '노원구', '아파트', '셋값', '주', '연속', '새', '아파트', '영향', '양천구', '주', '연속', '약세', '영등포구', '금주', '하락', '전환', '코로나', '속보', '네이버', '연합뉴스', '구독', '클릭', '팩트', '체크', '네트워크', '코로나', '전파', '제보']",1
"['디지털타임스', '박상길', '기자', '서울', '아파트', '값', '코로나', '보', '유세', '급등', '영향', '급매', '물이', '안', '가운데', '주', '연속', '하락', '세', '어가', '주택', '자', '도세', '회피', '위해', '주택', '매도', '자', '좀처럼', '매수', '영향', '한국', '감정', '지난', '조사', '기준', '서울', '아파트', '값', '지난주', '하락', '주', '연속', '양도소득세', '중과', '유예', '기간', '내', '절세', '급매', '물이', '시세', '이상', '거래', '지난주', '낙', '폭도', '강남', '서초', '강남', '송파', '강동구', '아파트', '값', '지난해', '말', '하락', '이후', '약', '개월', '가장', '폭', '하락', '강남구', '서초구', '아파트', '값', '지난주', '하락', '이번', '주', '로', '낙폭', '확대', '송파구', '강동구', '각각', '하락', '폭', '잠실', '공', '단지', '전용', '면적', '현재', '매물', '수십', '개', '거래', '안', '은마', '아파트', '전용', '급', '매물도', '마포', '용산', '성동구', '등', '마', '용성', '지역', '아파트', '값', '하락', '데', '노', '도강', '노원', '도봉', '강북구', '이번', '주', '일제', '상승세', '보합', '전환', '이', '지역', '약세', '강북', '개', '구', '아파트', '값', '작년', '첫째', '주', '상승', '이후', '주', '처음', '하락', '전환', '이', '지역', '코로나', '이후', '자취', '간혹', '시세', '급', '매물', '뿐', '거래', '거의', '상황', '강남', '강북', '집값', '하락', '시작', '만큼', '곳도', '약세', '전망', '박상길', '기자', '서울', '아파트', '값', '주', '연속', '하락', '세', '어가', '잠실', '일대', '하락', '급', '매물도', '리지', '사진', '잠실', '일대', '아파트', '단지', '전경', '연합뉴스', '디지털타임스', '채널', '구독', '뉴스스탠드', '구독', '디지털타임스', '홈페이지', '바로가기']",1
"['한국', '감정', '주간', '아파트', '시세', '서울', '아파트', '도강', '등', '서울', '외곽', '상승세', '강북', '아파트', '값', '개월', '하락', '세로', '강남', '폭', '서울', '아파트', '값', '주', '연속', '하락', '세', '서울', '노원구', '일대', '아파트', '단지', '모습', '연합뉴스', '신종', '코로나바이러스', '감염증', '코로나', '여파', '경제', '충격', '서울', '아파트', '값', '주', '연속', '하락', '강북', '아파트', '값', '개월', '하락', '세로', '강남', '폭도', '한국', '감정', '주간', '아파트', '가격', '동향', '이번', '지난달', '기준', '서울', '아파트', '매매', '가격', '전주', '대비', '지난주', '하락', '폭', '것', '주', '연속', '하락', '코로나', '사태', '영향력', '본격', '공시', '인상', '보', '유세', '부담', '피', '급매', '물이', '집값', '하락', '서울', '전역', '확산', '분위기', '감정', '관계자', '코로나', '확산', '사회', '거리', '두기', '연장', '및', '대출', '규제', '보', '유세', '부담', '등', '관망', '세', '며', '서울', '지역', '대체로', '급매', '위주', '거래', '주', '연속', '하락', '세', '어가', '고', '설명', '다중', '저가', '아파트', '강세', '강북', '지역', '위축', '분위기', '마포구', '용산구', '성동구', '등', '주요', '단지', '호가', '하락', '폭', '확대', '마포', '래미안', '푸르지오', '등', '인기', '단지', '전용', '아래', '거래', '등', '급매', '물이', '그간', '강북', '상승세', '노원구', '도봉구', '강북구', '등', '보합', '세로', '전환', '이', '강북', '전체', '아파트', '값', '지난해', '주', '차', '상승세', '이후', '주', '하락', '세로', '강남', '아파트', '값', '더', '강남구', '서초구', '송파구', '강동구', '등', '강남', '구가', '모두', '하락', '폭', '주요', '재건축', '인기', '단지', '상대', '외곽', '지역', '보', '유세', '부담', '피', '급매', '물이', '증가', '수용성', '수원', '용인', '성남', '등', '수도권', '풍선', '효과', '지역', '분위기', '주', '정도', '급등', '세', '보', '수원', '권선구', '영통구', '주', '연속', '보합', '세', '중이', '다다', '수도권', '일부', '비', '규제', '지역', '중심', '제', '풍선', '효과', '구리시', '별내선', '연장', '수혜', '단지', '위주', '교통', '호재', '대한', '대감', '안산시', '도', '신안산선', '개통', '정비', '사업', '호재', '시흥시', '정왕동', '배곧', '신도시', '위주', '지방', '광역시', '하락', '등', '약', '개월', '하락', '세로', '전환', '서울', '아파트', '셋값', '매물', '부족', '현상', '지속', '상승세', '를', '유지', '코로나', '예방', '위해', '이동', '자제', '사회', '거리', '두기', '촉구', '시장', '관망', '분위기', '셋값', '서울', '로', '지난주', '오름', '폭', '폭', '둔화', '수도권', '도', '상승', '폭', '축소', '전국', '지난주', '로', '주춤', '안', '혜원', '한경닷컴', '기자', '네이버', '한국', '경제', '뉴스', '한경닷컴', '바로가기', '모바일', '한경', '구독', '신청', '한국', '경제', '무단', '재', '및', '재', '배포', '금지']",1
"['한국', '감정', '주', '가격', '동향', '조사', '발표', '서울', '아파트', '하락', '폭', '지난', '주', '로', '확대', '한국', '감정', '주', '전국', '주간', '아파트', '가격', '동향', '조사', '결과', '매매', '가격', '가격', '상승', '발표', '전국', '주간', '아파트', '매매', '가격', '지난주', '대비', '상승', '폭', '축소', '수도권', '도', '상승', '폭', '축소', '지방', '은', '하락', '폭', '시도', '별로', '인천', '세종', '대전', '경기', '울산', '등', '상승', '전북', '은', '보합', '제주', '서울', '대구', '경북', '광주', '등', '하락', '서울', '코로나', '확산', '사회', '거리', '두기', '연장', '및', '보', '유세', '부담', '등', '요인', '관망', '세', '확대', '가운데', '지역', '대체로', '급매', '위주', '거래', '주', '연속', '하락', '세', '지속', '강남', '구', '모두', '지난', '주보', '하락', '폭', '확대', '강남', '서초', '송파구', '정부', '규제', '코로나', '영향', '매수', '심리', '위축', '주요', '지역', '단지', '하락', '세', '지속', '강동구', '고가', '단지', '일부', '중', '저가', '단지', '급매', '거래', '인천', '과', '경기', '도', '상승', '폭', '현저', '지방', '광역시', '보합', '개도', '하락', '세종', '상승', '전국', '전국', '주간', '아파트', '가격', '지난주', '대비', '상승', '폭', '축소', '상승', '수도권', '서울', '은', '상승', '폭', '축소', '지방', '은', '상승', '폭', '동일', '광역시', '개도', '세종', '김태희', '선임', '기자', '네이버', '국민일보', '구독', '클릭', '국민일보', '홈페이지', '바로가기', '국민일보', '무단', '재', '및', '재', '배포', '금지']",1
"['경제', '동향', '금융위기', '직전', '수준', '글로벌', '쇼크', '번지', '코로나', '사진', '연합뉴스', '한국', '개발', '연구원', '코로나', '확산', '우리나라', '경기', '위축', '심화', '불확실', '확대', '진단', '발간', '경제', '동향', '전', '산업', '생산', '코로나', '의', '영향', '감소', '가운데', '서비스업', '중심', '고용', '시장', '위축', '이', '앞서', '코로나', '확산', '경기', '전반', '위축', '평가', '달', '사이', '상황', '더욱', '악화', '경고', '수위', '경기', '위축', '심화', '한층', '더', '코로나', '의', '확산', '경기', '회복', '제약', '가능성', '전망', '지난', '이후', '두', '달', '연속', '문구', '수정', '것', '지난', '전', '산업', '생산', '전월', '대비', '폭', '감소', '가운데', '제조업', '평균', '률', '기업', '실사', '수도', '급락', '경기', '수축', '흐름', '확', '제조업', '출하', '평균', '감소', '제조업', '재고', '율', '전월', '로', '상승', '제조업', '평균', '률', '전월', '하락', '를', '기록', '수요', '감소', '흐름', '관찰', '분석', '현재', '경기', '상황', '동행', '지수', '순환', '변동', '로', '전월', '포인트', '하락', '앞', '경기', '상황', '선행', '지수', '순환', '변동', '전월', '수준', '유지', '선행', '지수', '순환', '변동', '선행', '지수', '지표', '심리', '지수', '코스피지수', '크게', '하락', '준치', '를', '회', '가능성', '경고', '문제', '중', '코로나', '전', '세계', '국', '확산', '이', '부정', '영향', '점차', '심화', '것', '점', '실제', '산업', '기업', '실사', '지수', '로', '계절', '조정', '제조업', '로', '각각', '금융위기', '직전', '수준', '등', '심리', '크게', '위축', '모습', '미국', '유럽', '생산', '차질', '사회', '거리', '두기', '대외', '수요', '점차', '위축', '전망', '며', '글로벌', '공급망', '교란', '생산', '감소', '재발', '가능성', '존재', '외국인', '관광객', '감소', '국', '전염병', '감염', '우려', '숙박', '음식점', '업', '예술', '스포츠', '여가', '서비스업', '등', '중심', '서비스업', '위축', '심화', '우려', '국', '입국', '금지', '조치', '확대', '인천공항', '여객', '증가', '율', '급락', '가운데', '제주도', '관광객', '국', '과', '외국인', '모두', '전월', '크게', '감소', '것', '조사', '날', '김용범', '기획재정부', '차관', '서울', '은행', '회관', '거시경제', '금융', '회의', '코로나', '국내', '기업', '실적', '악화', '신용등급', '하락', '본격', '경우', '대비', '강조', '김', '차관', '우리', '대외', '방도', '감안', '때', '주요', '교역', '국', '경제', '위축', '부정', '영향', '상황', '라며', '국내외', '용평', '국내', '기업', '등급', '전망', '부정', '실적', '주시', '실적', '악화', '신용등급', '하락', '본격', '경우', '자금시장', '변동성', '우려', '대비', '말', '연호', '기자', '네이버', '메인', '매일경제', '뉴스레터', '매콤', '달콤', '구독', '매일경제', '바로가기', '매일경제', '무단', '재', '및', '재', '배포', '금지']",1
"['정부', '싱크탱크', '한국', '개발', '연구원', '신종', '코로나바이러스', '감염증', '코로나', '확산', '우리나라', '위축', '심화', '불확실', '성도', '확대', '평가', '서비스업', '중심', '고용', '시장', '위축', '진단', '고용', '위축', '단어', '것', '이번', '처음', '경제', '동향', '산업', '생산', '코로나', '영향', '감소', '주요', '지표', '산업', '생산', '전월', '대비', '감소', '모습', '서비스업', '관련', '통계', '작성', '가장', '수치', '숙박', '음식', '업점', '예술', '스포츠', '여가', '서비스업', '등', '대면', '접촉', '업종', '코로나', '로', '직격탄', '때문', '분석', '조업', '평균', '률', '로', '이후', '개월', '가장', '외국인', '관광객', '감소', '사회', '거리', '두기', '여파', '소비', '위축', '모습', '판매', '액', '전', '기간', '대비', '설비', '투자', '반도체', '중심', '부진', '완화', '코로나', '부정', '여진', '남아', '상태', '수출', '코로나', '미국', '유럽', '등', '전', '세계', '제약', '요인', '것', '전망', '지난달', '코로나', '전', '세계', '국', '확산', '부정', '영향', '점차', '심화', '것', '판단', '미국', '유럽', '생산', '차질', '사회', '거리', '두기', '대외', '수요', '위축', '전망', '글로벌', '공급망', '교란', '생산', '감소', '재발', '가능성', '분석', '생산자', '소비자', '심리', '지표', '로', '전월', '대비', '대폭', '하향', '조정', '코로나', '확산', '중순', '이후', '본격', '것', '감안', '실제', '소비', '더욱', '위축', '가능성', '전망', '현재', '경기', '상황', '동행', '지수', '순환', '변동', '로', '전달', '포인트', '동행', '지수', '순환', '변동', '기준', '그', '이상', '이면', '호황', '미만', '일', '때', '불황', '분류', '향후', '경기', '상황', '예측', '선행', '지수', '순환', '변동', '전월', '수준', '성승', '기자', '자료', '한국', '개발', '연구원', '디지털타임스', '채널', '구독', '뉴스스탠드', '구독', '디지털타임스', '홈페이지', '바로가기']",1
"['재산세', '과표', '합산', '액', '금융', '소득', '이상', '가구', '컷오프', '적자', '국채', '발행', '공무원', '인건비', '삭감', '국방', '사업', '비', '홍', '국회', '긴급', '재난', '원금', '소득', '하위', '원기준', '유지', '노력', '세종', '연합뉴스', '이', '율', '기자', '정부', '신종', '코로나바이러스', '감염증', '코로나', '어려움', '소득', '하위', '이하', '가구', '긴급', '재난', '원금', '지급', '위해', '규모', '추가경정예산', '추경안', '편성', '문재인', '정부', '번', '이자', '올해', '번', '이번', '추경', '재난', '원금', '지급', '위', '포인트', '추경', '재원', '국채', '발행', '전액', '지출', '구조조정', '기금', '재원', '통해', '마련', '한해', '차례', '추경', '편성', '것', '이후', '만이', '국회', '추경안', '심사', '권', '도윤', '정연주', '제작', '사진', '합성', '일러스트', '정부', '임시', '국무회의', '내용', '제', '추경안', '확정', '국회', '제출', '달', '이번', '추경안', '긴급', '재난', '원금', '지급', '전액', '사용', '재난', '원금', '지급', '방비', '모두', '투입', '정부', '소득', '하위', '이하', '가구', '가구', '별로', '최대', '지급', '인', '가구', '인', '가구', '인', '가구', '인', '이상', '가구', '홍', '부총리', '겸', '기획재정부', '장관', '날', '정부', '합동', '브리핑', '정치권', '일각', '전국', '가구', '대해', '지원', '지적', '소득', '하위', '원기준', '정부', '긴급', '효율', '형평성', '재정', '여력', '종합', '고려', '결정', '안이', '라며', '기준', '국회', '그대로', '유지', '수', '노력', '앞서', '여야', '총선', '과정', '재난', '원금', '지급', '전', '국민', '확대', '방안', '추진', '말', '청와대', '국회', '심의', '과정', '정부', '여야', '논의', '것', '바', '지원', '대상', '여부', '올해', '기준', '건강', '보험료', '기준', '판단', '직장', '가입자', '가구', '경우', '본인', '부담', '건', '보료', '인', '가구', '인', '인', '인', '이하', '지원', '대상', '인', '기준', '지역', '가입자', '가구', '혼합', '가구', '이하', '여야', '다만', '소득', '하위', '해당', '가구', '재산세', '과세표준', '합산', '금액', '금융', '종합소득세', '부과', '기준', '금융', '소득', '연', '이상', '가구', '대상자', '제외', '지방자치단체', '활용', '중인', '전자화폐', '지역', '상품권', '등', '지급', '중앙정부', '지자체', '간', '분담', '비율', '서울', '다홍', '부총리', '겸', '기획재정부', '장관', '정부', '세종', '청사', '제', '차', '추가경정예산', '안', '상세', '브리핑', '발표', '문', '낭독', '왼쪽', '김강', '립', '복지부', '차관', '진영', '행안부', '장관', '홍', '부총리', '구윤철', '기재부', '차관', '안일', '환', '기재부', '예산', '실장', '기획재정부', '연합뉴스', '정부', '추경', '재원', '전액', '국채', '발행', '지출', '구조조정', '기금', '재원', '활용', '마련', '출사', '업', '삭감', '자금', '관리', '기금', '외국환', '평형', '기금', '지출', '축소', '기금', '재원', '활용', '등', '총동원', '먼저', '부문', '고통', '분담', '차원', '휴가', '소진', '등', '통해', '공무원', '가보', '상비', '전액', '삭감', '공무원', '채용', '시험', '연기', '등', '인건비', '또', '코로나', '영향', '입찰', '계약', '지연', '등', '사업', '비', '조정', '집행', '사업', '감액', '삭감', '사업', '비', '부문', '별로', '국방', '사회', '간접', '자본', '공적', '개발원조', '환경', '농', '어업', '산업', '등', '각각', '국방', '사업', '해상', '작전', '헬기', '이지스함', '등', '방위', '개선', '사업', '분할', '납부', '일정', '가장', '조정', '사업', '철도', '사업', '차별', '투자', '계획', '변경', '이외', '금리', '하락', '국고', '채', '이자', '절감', '유가', '하락', '난방', '연료비', '유류', '비', '감액', '동원', '환율', '상승', '원화', '자산', '필요성', '점', '감안', '자금', '관리', '기금', '외국환', '평형', '기금', '지출', '축소', '주택', '금융', '신용', '보증', '기금', '주택', '도시', '기금', '농지', '관리', '기금', '재원', '활용', '마련', '이번', '차', '추경안', '정부', '코로나', '극복', '위', '지원', '대책', '규모', '모두', '홍', '부총리', '이번', '추경', '정부', '코로나', '로부터', '우리', '민생', '기반', '위기', '직면', '기업', '도산', '실업', '최소', '궁극', '우리', '경제', '회복', '복원력', '뒷받침', '위', '추가', '대응', '책', '지속', '검토', '것', '라며', '고용', '충격', '대비', '관계', '부처', '마련', '추가', '대책', '대표', '예', '말', '이번', '차', '추경', '지출', '차', '추경', '당시', '달', '수입', '주택', '금융', '신용', '보증', '기금', '일반', '회계', '출금', '덕', '데', '이', '지난해', '예산', '대비', '지출', '증가', '율', '로', '확대', '적자', '국채', '발행', '때문', '국가채무', '국내총생산', '대비', '로', '차', '추경', '당시', '통합', '재정', '수지', '관리', '재정', '수지', '적자', '각각', '확대', '이', '올해', '국내총생산', '대비', '통합', '재정', '수지', '적자', '비율', '관리', '재정', '수지', '적자', '비율', '로', '포인트', '확대', '관리', '재정', '수지', '적자', '비율', '올해', '외환위기', '후', '폭풍', '거', '이후', '처음', '를', '정부', '날', '이번', '추경안', '국회', '제출', '여당', '임시국회', '추경안', '처리', '초', '재난', '원금', '지급', '수', '방침', '코로나', '속보', '네이버', '연합뉴스', '구독', '클릭', '팩트', '체크', '네트워크', '코로나', '전파', '제보']",1
"['소득', '하위', '이하', '대상', '인', '가구', '기준', '최대', '지급', '납부', '건강', '보험료', '기준', '선정', '소득', '고액', '자산', '지급', '대상', '제외', '문재인', '대통령', '오전', '청와대', '민관', '영상', '회의실', '제', '국무회의', '주재', '청와대', '정부', '코로나', '사태', '어려움', '처', '가구', '지원', '침체', '경제', '위해', '규모', '추가경정예산', '추경안', '편성', '소득', '하위', '이하', '가구', '긴급', '재난', '원금', '지급', '예정', '정부', '임시', '국무회의', '이', '내용', '제', '추경안', '확정', '국회', '제출', '이번', '추경', '문재인', '정부', '출범', '이후', '다섯', '이자', '두번째', '해', '두', '번', '추경', '편성', '것', '이후', '만이', '긴급', '재난', '원금', '지급', '위', '포인트', '추경', '재원', '전액', '지출', '구조조정', '기금', '재원', '통해', '마련', '이번', '편성', '전액', '긴급', '재난', '원금', '사용', '긴급', '재난', '원금', '방비', '총', '투입', '지급', '대상', '소득', '하위', '이하', '가구', '가구', '수', '인', '가구', '인', '가구', '인', '가구', '인', '이상', '가구', '지급', '지원', '대상', '올해', '기준', '납부', '건강', '보험료', '기준', '선정', '직장', '가입자', '가구', '경우', '본인', '부담', '건', '보료', '인', '가구', '인', '인', '인', '이하', '수', '인', '기준', '지역', '가입자', '가구', '혼합', '가구', '이하', '여야', '다만', '소득', '하위', '해당', '가구', '재산세', '과세표준', '합산', '금액', '금융', '종합소득세', '부과', '기준', '금융', '소득', '연', '이상', '가구', '대상', '제외', '긴급', '재난', '원금', '지방자치단체', '발행', '전자화폐', '지역', '상품권', '등', '지급', '방침', '홍', '부총리', '겸', '기획재정부', '장관', '날', '정부', '합동', '브리핑', '소득', '하위', '지원', '기준', '정부', '긴급', '효율', '형평성', '재정', '여력', '종합', '고려', '결정', '안이', '라며', '기준', '국회', '그대로', '유지', '수', '노력', '말', '정부', '이번', '추경', '재원', '전액', '국채', '발행', '지출', '구조조정', '기금', '재원', '활용', '마련', '차', '추경', '정부', '코로나', '극복', '위', '지원', '대책', '규모', '총', '돌파', '정부', '차', '추경안', '국회', '제출', '여당', '임시국회', '처리', '초', '긴급', '재난', '원금', '지급', '방침', '다홍', '부총리', '이번', '추경', '정부', '코로나', '로부터', '민생', '기반', '위기', '직면', '기업', '도산', '실업', '최소', '궁극', '우리', '경제', '회복', '복원력', '뒷받침', '위', '추가', '대응', '책', '지속', '검토', '것', '설명', '정부', '제', '추경안', '확정', '국회', '제출', '기획재정부', '이혜영', '객원', '기자', '저작권', '시사저널', '무단', '재', '및', '재', '배포', '금지', '네이버', '시사저널', '뉴스', '시사저널', '최신', '호', '보기', '시사저널', '유튜브', '채널', '시사저널', '보기']",1
"['주택', '공급', '관', '규칙', '개정안', '시행', '투기', '지구', '내', '청약', '순위', '거주', '요건', '자료', '사진', '수도권', '투기', '지구', '내', '아파트', '청약', '순위', '거주', '기간', '요건', '강화', '분양', '제', '대상', '아파트', '청약', '당첨', '경우', '동안', '청약', '재', '당첨', '제한', '국토교통부', '이', '내용', '주택', '공급', '관', '규칙', '일부', '개정안', '시행', '이', '이후', '입', '주자', '모집', '승인', '신청', '단지', '해당', '지역', '이상', '거주', '이', '순위', '기존', '거주', '요건', '지난해', '하반기', '값', '폭등', '과천', '지식', '정보화', '타운', '일대', '비롯', '경기', '성남', '위례', '하남', '미사', '강일', '지구', '등', '수도권', '신규', '분양', '단지', '등', '적용', '대상', '국토부', '지난해', '말', '과천', '지식', '정보화', '타운', '일대', '신규', '분양', '순위', '청약', '전세', '수요', '유입', '등', '전세', '가가', '급상승', '안정', '세로', '지난해', '발표', '주택', '시장', '안정화', '방안', '통해', '거주', '요건', '강화', '뼈대', '개정안', '입법', '예고', '효과', '국토부', '분석', '규제', '유형', '및', '지역', '들쭉', '날쑥', '재', '당첨', '제한', '기간', '역시', '강화', '분양', '제', '주택', '투기', '지구', '내', '주택', '조정', '대상', '지역', '주택', '재', '당첨', '제한', '진명', '선', '기자', '국민', '선택', '총선', '신문', '구독', '신청', '코로나', '무엇', '한겨레신문', '무단', '재', '및', '재', '배포', '금지']",1
"['서울', '시내', '아파트', '밀집', '지역', '사진', '뉴스', '청약', '순위', '자격', '우선', '거주', '요건', '기존', '이상', '이상', '강화', '청약', '재', '당첨', '제한', '기간', '확대', '국토교통부', '지난해', '발표', '주택', '시장', '안정화', '방안', '의', '후속', '조치', '우선', '공급', '대상자', '자격', '재', '당첨', '자격', '등', '주택', '공급', '관', '규칙', '일부', '개정안', '시행', '개정', '시행', '주택', '공급', '관', '규칙', '은', '국토', '부령', '해당', '지역', '우선', '공급', '대상자', '자격', '강화', '재', '당첨', '제한', '기간', '강화', '공급', '질서', '교란', '청약', '제한', '강화', '등', '핵심', '먼저', '투기', '수요', '근절', '해당', '지역', '장기간', '거주', '실수', '자', '보호', '위해', '해당', '지역', '거주', '기간', '이상인', '경우', '우선', '공급', '대상', '현재', '수도권', '투기', '지구', '대규모', '지구', '포함', '공급', '주택', '해당', '지역', '이상', '거주', '우선', '공급', '적용', '지역', '서울', '광명', '성남', '분당', '과천', '지식', '정보', '타운', '성남', '위례', '하남', '미사', '감일', '등', '이후', '입', '주자', '모집', '승인', '신청', '진행', '단지', '다분', '제', '주택', '투기', '지구', '내', '주택', '당첨', '당첨', '앞', '조정', '대상', '지역', '주택', '당첨', '재', '당첨', '제한', '당첨', '후', '제한', '현행', '강화', '조치', '김', '창성', '기자', '고수', '재테크', '비법', '영상', '총선', '뉴스', '코로나', '속보', '저작권', '성공', '사람', '경제', '뉴스', '무단', '재', '및', '재', '배포', '금지']",1
